unique_id,ds,NHITS
AAPL,2026-05-01,298.35022
AAPL,2026-06-01,304.00092
AAPL,2026-07-01,307.5384
AAPL,2026-08-01,313.6354
AAPL,2026-09-01,320.0354
AAPL,2026-10-01,330.21066
AAPL,2026-11-01,337.84863
AAPL,2026-12-01,341.87665
ABBV,2026-05-01,242.59506
ABBV,2026-06-01,245.5824
ABBV,2026-07-01,247.90799
ABBV,2026-08-01,251.31825
ABBV,2026-09-01,255.47101
ABBV,2026-10-01,262.2765
ABBV,2026-11-01,264.69476
ABBV,2026-12-01,266.21658
ABNB,2026-05-01,145.26717
ABNB,2026-06-01,146.74344
ABNB,2026-07-01,150.99838
ABNB,2026-08-01,154.45284
ABNB,2026-09-01,154.20552
ABNB,2026-10-01,156.81535
ABNB,2026-11-01,159.7427
ABNB,2026-12-01,162.97531
ABT,2026-05-01,130.1292
ABT,2026-06-01,130.96799
ABT,2026-07-01,132.60591
ABT,2026-08-01,134.01685
ABT,2026-09-01,135.30339
ABT,2026-10-01,136.43803
ABT,2026-11-01,137.76207
ABT,2026-12-01,138.74472
ADBE,2026-05-01,375.02756
ADBE,2026-06-01,381.74396
ADBE,2026-07-01,391.09097
ADBE,2026-08-01,397.8436
ADBE,2026-09-01,397.6747
ADBE,2026-10-01,403.632
ADBE,2026-11-01,415.02545
ADBE,2026-12-01,421.07306
ADI,2026-05-01,306.03955
ADI,2026-06-01,313.49152
ADI,2026-07-01,324.11832
ADI,2026-08-01,334.24164
ADI,2026-09-01,337.20663
ADI,2026-10-01,340.47733
ADI,2026-11-01,350.27283
ADI,2026-12-01,355.78543
ADP,2026-05-01,268.47797
ADP,2026-06-01,272.53766
ADP,2026-07-01,280.03787
ADP,2026-08-01,285.43893
ADP,2026-09-01,288.44705
ADP,2026-10-01,292.39264
ADP,2026-11-01,297.20728
ADP,2026-12-01,301.7886
ADSK,2026-05-01,320.1163
ADSK,2026-06-01,326.433
ADSK,2026-07-01,333.0214
ADSK,2026-08-01,341.02286
ADSK,2026-09-01,345.9065
ADSK,2026-10-01,350.59653
ADSK,2026-11-01,358.72034
ADSK,2026-12-01,361.87003
AEP,2026-05-01,121.940544
AEP,2026-06-01,122.647995
AEP,2026-07-01,123.95464
AEP,2026-08-01,125.70746
AEP,2026-09-01,127.268425
AEP,2026-10-01,130.2212
AEP,2026-11-01,131.54765
AEP,2026-12-01,133.63634
AFL,2026-05-01,116.15388
AFL,2026-06-01,117.18089
AFL,2026-07-01,117.85545
AFL,2026-08-01,118.92428
AFL,2026-09-01,120.72546
AFL,2026-10-01,122.96348
AFL,2026-11-01,124.75309
AFL,2026-12-01,125.28346
AJG,2026-05-01,273.9965
AJG,2026-06-01,280.9783
AJG,2026-07-01,291.82953
AJG,2026-08-01,298.80313
AJG,2026-09-01,307.91162
AJG,2026-10-01,311.5056
AJG,2026-11-01,320.33105
AJG,2026-12-01,328.0259
ALL,2026-05-01,219.79315
ALL,2026-06-01,222.67004
ALL,2026-07-01,226.1753
ALL,2026-08-01,230.82579
ALL,2026-09-01,233.77391
ALL,2026-10-01,237.60542
ALL,2026-11-01,243.22757
ALL,2026-12-01,244.06812
AMAT,2026-05-01,302.09628
AMAT,2026-06-01,313.35315
AMAT,2026-07-01,328.38397
AMAT,2026-08-01,339.9378
AMAT,2026-09-01,344.8822
AMAT,2026-10-01,359.81653
AMAT,2026-11-01,375.4025
AMAT,2026-12-01,387.6738
AMD,2026-05-01,264.71542
AMD,2026-06-01,267.89734
AMD,2026-07-01,283.6327
AMD,2026-08-01,299.01727
AMD,2026-09-01,308.6275
AMD,2026-10-01,324.88553
AMD,2026-11-01,333.445
AMD,2026-12-01,348.40485
AMGN,2026-05-01,357.3593
AMGN,2026-06-01,362.89105
AMGN,2026-07-01,373.03073
AMGN,2026-08-01,380.791
AMGN,2026-09-01,384.73596
AMGN,2026-10-01,394.5192
AMGN,2026-11-01,403.09286
AMGN,2026-12-01,416.50708
AMT,2026-05-01,180.14204
AMT,2026-06-01,182.7537
AMT,2026-07-01,186.30365
AMT,2026-08-01,190.08578
AMT,2026-09-01,191.53659
AMT,2026-10-01,195.7574
AMT,2026-11-01,198.59737
AMT,2026-12-01,200.76263
AMZN,2026-05-01,252.20149
AMZN,2026-06-01,255.2703
AMZN,2026-07-01,259.631
AMZN,2026-08-01,268.69
AMZN,2026-09-01,274.0757
AMZN,2026-10-01,275.40054
AMZN,2026-11-01,279.50217
AMZN,2026-12-01,283.51117
ANET,2026-05-01,152.61624
ANET,2026-06-01,155.72043
ANET,2026-07-01,159.76587
ANET,2026-08-01,166.16086
ANET,2026-09-01,173.4064
ANET,2026-10-01,180.31982
ANET,2026-11-01,180.58405
ANET,2026-12-01,185.83786
APH,2026-05-01,153.87596
APH,2026-06-01,158.68665
APH,2026-07-01,163.52016
APH,2026-08-01,170.6491
APH,2026-09-01,175.40614
APH,2026-10-01,178.44186
APH,2026-11-01,184.28458
APH,2026-12-01,186.50523
APO,2026-05-01,160.1445
APO,2026-06-01,163.48285
APO,2026-07-01,168.98701
APO,2026-08-01,175.2797
APO,2026-09-01,176.9683
APO,2026-10-01,181.8363
APO,2026-11-01,187.51553
APO,2026-12-01,191.76782
APP,2026-05-01,824.4009
APP,2026-06-01,857.04126
APP,2026-07-01,885.8749
APP,2026-08-01,912.1146
APP,2026-09-01,931.65234
APP,2026-10-01,984.24963
APP,2026-11-01,1018.61865
APP,2026-12-01,1038.8394
ARES,2026-05-01,184.66919
ARES,2026-06-01,187.62735
ARES,2026-07-01,196.47958
ARES,2026-08-01,205.11784
ARES,2026-09-01,208.07814
ARES,2026-10-01,212.18307
ARES,2026-11-01,219.08984
ARES,2026-12-01,226.14471
AVGO,2026-05-01,394.64935
AVGO,2026-06-01,408.55722
AVGO,2026-07-01,421.22656
AVGO,2026-08-01,441.98358
AVGO,2026-09-01,457.01813
AVGO,2026-10-01,463.73468
AVGO,2026-11-01,477.6494
AVGO,2026-12-01,482.70123
AXP,2026-05-01,415.8316
AXP,2026-06-01,427.96014
AXP,2026-07-01,440.25467
AXP,2026-08-01,451.9651
AXP,2026-09-01,459.14374
AXP,2026-10-01,465.76666
AXP,2026-11-01,481.66046
AXP,2026-12-01,487.2435
AZO,2026-05-01,3771.3132
AZO,2026-06-01,3781.3796
AZO,2026-07-01,3821.7195
AZO,2026-08-01,3903.9126
AZO,2026-09-01,4009.2954
AZO,2026-10-01,4089.942
AZO,2026-11-01,4040.4873
AZO,2026-12-01,4088.5156
BA,2026-05-01,237.93816
BA,2026-06-01,240.5069
BA,2026-07-01,247.24689
BA,2026-08-01,256.6252
BA,2026-09-01,260.00336
BA,2026-10-01,264.5582
BA,2026-11-01,266.66833
BA,2026-12-01,274.94138
BAC,2026-05-01,60.7406
BAC,2026-06-01,62.336975
BAC,2026-07-01,63.81192
BAC,2026-08-01,65.84659
BAC,2026-09-01,67.04922
BAC,2026-10-01,67.59122
BAC,2026-11-01,69.47978
BAC,2026-12-01,69.9863
BDX,2026-05-01,219.32126
BDX,2026-06-01,219.73993
BDX,2026-07-01,222.83154
BDX,2026-08-01,225.78468
BDX,2026-09-01,230.313
BDX,2026-10-01,233.85251
BDX,2026-11-01,238.26054
BDX,2026-12-01,241.55098
BK,2026-05-01,126.272934
BK,2026-06-01,128.333
BK,2026-07-01,130.993
BK,2026-08-01,135.09859
BK,2026-09-01,138.19911
BK,2026-10-01,139.54605
BK,2026-11-01,141.70432
BK,2026-12-01,142.77396
BKNG,2026-05-01,5876.1284
BKNG,2026-06-01,5936.045
BKNG,2026-07-01,6094.267
BKNG,2026-08-01,6289.1904
BKNG,2026-09-01,6354.201
BKNG,2026-10-01,6421.8623
BKNG,2026-11-01,6541.4453
BKNG,2026-12-01,6638.746
BLK,2026-05-01,1145.7284
BLK,2026-06-01,1157.1707
BLK,2026-07-01,1169.3541
BLK,2026-08-01,1207.9082
BLK,2026-09-01,1233.3472
BLK,2026-10-01,1251.2701
BLK,2026-11-01,1259.8782
BLK,2026-12-01,1270.9764
BMY,2026-05-01,58.09698
BMY,2026-06-01,59.36788
BMY,2026-07-01,60.89726
BMY,2026-08-01,62.360523
BMY,2026-09-01,62.707977
BMY,2026-10-01,64.39587
BMY,2026-11-01,66.03229
BMY,2026-12-01,68.359436
BRK-B,2026-05-01,521.87756
BRK-B,2026-06-01,530.2192
BRK-B,2026-07-01,532.3937
BRK-B,2026-08-01,536.36707
BRK-B,2026-09-01,543.21
BRK-B,2026-10-01,551.0678
BRK-B,2026-11-01,559.397
BRK-B,2026-12-01,563.833
BSX,2026-05-01,100.11821
BSX,2026-06-01,100.70414
BSX,2026-07-01,102.32377
BSX,2026-08-01,103.75571
BSX,2026-09-01,104.49444
BSX,2026-10-01,105.95482
BSX,2026-11-01,106.3455
BSX,2026-12-01,108.30627
BX,2026-05-01,168.16144
BX,2026-06-01,168.35033
BX,2026-07-01,170.76347
BX,2026-08-01,178.67892
BX,2026-09-01,184.55017
BX,2026-10-01,190.38354
BX,2026-11-01,194.33716
BX,2026-12-01,197.47789
C,2026-05-01,128.27866
C,2026-06-01,130.92062
C,2026-07-01,134.55452
C,2026-08-01,140.50035
C,2026-09-01,144.55138
C,2026-10-01,146.1631
C,2026-11-01,149.70091
C,2026-12-01,151.36252
CAT,2026-05-01,659.5597
CAT,2026-06-01,677.96576
CAT,2026-07-01,702.89453
CAT,2026-08-01,728.75354
CAT,2026-09-01,741.7868
CAT,2026-10-01,766.44666
CAT,2026-11-01,789.01855
CAT,2026-12-01,808.7339
CDNS,2026-05-01,347.77835
CDNS,2026-06-01,352.09644
CDNS,2026-07-01,358.87387
CDNS,2026-08-01,369.68845
CDNS,2026-09-01,379.36298
CDNS,2026-10-01,388.82053
CDNS,2026-11-01,391.38745
CDNS,2026-12-01,399.9173
CEG,2026-05-01,411.47882
CEG,2026-06-01,422.72415
CEG,2026-07-01,444.65778
CEG,2026-08-01,464.97513
CEG,2026-09-01,473.7542
CEG,2026-10-01,482.38483
CEG,2026-11-01,499.4934
CEG,2026-12-01,510.88968
CI,2026-05-01,293.0652
CI,2026-06-01,298.9946
CI,2026-07-01,306.0001
CI,2026-08-01,307.89432
CI,2026-09-01,316.63715
CI,2026-10-01,318.00977
CI,2026-11-01,325.52557
CI,2026-12-01,331.8879
CL,2026-05-01,81.3744
CL,2026-06-01,81.92321
CL,2026-07-01,83.20822
CL,2026-08-01,83.77294
CL,2026-09-01,84.28131
CL,2026-10-01,84.74502
CL,2026-11-01,85.32641
CL,2026-12-01,85.60628
CMCSA,2026-05-01,30.9223
CMCSA,2026-06-01,31.59862
CMCSA,2026-07-01,32.68472
CMCSA,2026-08-01,33.39372
CMCSA,2026-09-01,33.84655
CMCSA,2026-10-01,34.206974
CMCSA,2026-11-01,35.176235
CMCSA,2026-12-01,35.441032
CME,2026-05-01,283.47598
CME,2026-06-01,286.11145
CME,2026-07-01,290.7287
CME,2026-08-01,295.75275
CME,2026-09-01,297.92554
CME,2026-10-01,301.8941
CME,2026-11-01,306.62366
CME,2026-12-01,311.33826
CMI,2026-05-01,555.262
CMI,2026-06-01,566.944
CMI,2026-07-01,581.26294
CMI,2026-08-01,597.6367
CMI,2026-09-01,609.08264
CMI,2026-10-01,622.7693
CMI,2026-11-01,639.6835
CMI,2026-12-01,652.92413
COF,2026-05-01,269.57196
COF,2026-06-01,274.5689
COF,2026-07-01,281.42453
COF,2026-08-01,291.10422
COF,2026-09-01,295.3199
COF,2026-10-01,298.03607
COF,2026-11-01,303.46613
COF,2026-12-01,307.5053
COIN,2026-05-01,305.74203
COIN,2026-06-01,317.0809
COIN,2026-07-01,336.12717
COIN,2026-08-01,367.2708
COIN,2026-09-01,384.25122
COIN,2026-10-01,402.01056
COIN,2026-11-01,421.55914
COIN,2026-12-01,433.28766
COP,2026-05-01,97.37829
COP,2026-06-01,98.31854
COP,2026-07-01,100.25226
COP,2026-08-01,102.15668
COP,2026-09-01,103.68792
COP,2026-10-01,105.115906
COP,2026-11-01,107.378265
COP,2026-12-01,108.7058
COR,2026-05-01,375.12454
COR,2026-06-01,378.48447
COR,2026-07-01,388.87204
COR,2026-08-01,395.58792
COR,2026-09-01,397.32248
COR,2026-10-01,407.7467
COR,2026-11-01,416.5193
COR,2026-12-01,426.60175
COST,2026-05-01,898.8563
COST,2026-06-01,906.3573
COST,2026-07-01,922.61633
COST,2026-08-01,933.0586
COST,2026-09-01,941.8048
COST,2026-10-01,950.784
COST,2026-11-01,958.7399
COST,2026-12-01,975.1436
CRM,2026-05-01,276.6622
CRM,2026-06-01,281.64893
CRM,2026-07-01,287.0705
CRM,2026-08-01,291.34518
CRM,2026-09-01,292.48566
CRM,2026-10-01,297.0342
CRM,2026-11-01,302.69025
CRM,2026-12-01,309.08347
CRWD,2026-05-01,559.608
CRWD,2026-06-01,584.2377
CRWD,2026-07-01,618.45526
CRWD,2026-08-01,637.1672
CRWD,2026-09-01,654.58594
CRWD,2026-10-01,674.0793
CRWD,2026-11-01,712.811
CRWD,2026-12-01,733.2197
CSCO,2026-05-01,86.01692
CSCO,2026-06-01,87.69613
CSCO,2026-07-01,90.27817
CSCO,2026-08-01,93.22404
CSCO,2026-09-01,94.308914
CSCO,2026-10-01,95.268745
CSCO,2026-11-01,97.18968
CSCO,2026-12-01,99.55841
CSX,2026-05-01,40.17877
CSX,2026-06-01,40.56433
CSX,2026-07-01,41.820305
CSX,2026-08-01,43.014244
CSX,2026-09-01,43.82902
CSX,2026-10-01,44.20722
CSX,2026-11-01,44.799305
CSX,2026-12-01,45.618607
CTAS,2026-05-01,194.99162
CTAS,2026-06-01,196.35858
CTAS,2026-07-01,200.84389
CTAS,2026-08-01,204.26718
CTAS,2026-09-01,205.66756
CTAS,2026-10-01,208.41147
CTAS,2026-11-01,212.02814
CTAS,2026-12-01,213.83743
CVNA,2026-05-01,524.33466
CVNA,2026-06-01,541.1799
CVNA,2026-07-01,570.1692
CVNA,2026-08-01,596.10297
CVNA,2026-09-01,604.5272
CVNA,2026-10-01,615.7259
CVNA,2026-11-01,640.3231
CVNA,2026-12-01,656.61523
CVS,2026-05-01,85.518875
CVS,2026-06-01,86.10075
CVS,2026-07-01,87.61181
CVS,2026-08-01,88.76389
CVS,2026-09-01,90.62819
CVS,2026-10-01,93.10255
CVS,2026-11-01,94.99658
CVS,2026-12-01,96.10805
CVX,2026-05-01,158.07811
CVX,2026-06-01,158.56456
CVX,2026-07-01,159.99202
CVX,2026-08-01,163.3241
CVX,2026-09-01,166.3654
CVX,2026-10-01,168.6564
CVX,2026-11-01,169.47931
CVX,2026-12-01,171.55891
DASH,2026-05-01,271.77884
DASH,2026-06-01,277.97037
DASH,2026-07-01,282.29352
DASH,2026-08-01,295.71707
DASH,2026-09-01,306.7397
DASH,2026-10-01,316.03796
DASH,2026-11-01,318.6997
DASH,2026-12-01,326.4388
DE,2026-05-01,499.81497
DE,2026-06-01,506.78
DE,2026-07-01,520.3458
DE,2026-08-01,533.13025
DE,2026-09-01,533.39105
DE,2026-10-01,541.5315
DE,2026-11-01,552.96173
DE,2026-12-01,565.942
DELL,2026-05-01,148.4565
DELL,2026-06-01,150.13626
DELL,2026-07-01,157.28293
DELL,2026-08-01,164.20097
DELL,2026-09-01,168.27957
DELL,2026-10-01,172.08087
DELL,2026-11-01,175.04251
DELL,2026-12-01,179.6919
DHR,2026-05-01,246.11221
DHR,2026-06-01,249.34676
DHR,2026-07-01,255.21803
DHR,2026-08-01,261.63113
DHR,2026-09-01,264.5548
DHR,2026-10-01,269.56137
DHR,2026-11-01,273.7355
DHR,2026-12-01,281.36316
DIS,2026-05-01,123.853806
DIS,2026-06-01,125.49526
DIS,2026-07-01,129.77617
DIS,2026-08-01,135.42908
DIS,2026-09-01,136.415
DIS,2026-10-01,137.90137
DIS,2026-11-01,141.76979
DIS,2026-12-01,144.39485
DUK,2026-05-01,123.192665
DUK,2026-06-01,123.504
DUK,2026-07-01,124.672905
DUK,2026-08-01,125.58595
DUK,2026-09-01,127.63889
DUK,2026-10-01,129.46678
DUK,2026-11-01,130.31195
DUK,2026-12-01,131.2132
ECL,2026-05-01,278.78943
ECL,2026-06-01,280.54358
ECL,2026-07-01,284.5182
ECL,2026-08-01,289.68253
ECL,2026-09-01,292.5504
ECL,2026-10-01,294.29
ECL,2026-11-01,295.84485
ECL,2026-12-01,298.94373
ELV,2026-05-01,390.935
ELV,2026-06-01,402.30396
ELV,2026-07-01,409.5455
ELV,2026-08-01,410.46826
ELV,2026-09-01,426.4127
ELV,2026-10-01,429.76
ELV,2026-11-01,446.58316
ELV,2026-12-01,457.5727
EMR,2026-05-01,147.6716
EMR,2026-06-01,150.6184
EMR,2026-07-01,154.84096
EMR,2026-08-01,161.94547
EMR,2026-09-01,165.19191
EMR,2026-10-01,166.4389
EMR,2026-11-01,170.19827
EMR,2026-12-01,173.24565
EOG,2026-05-01,107.75812
EOG,2026-06-01,108.238945
EOG,2026-07-01,110.13757
EOG,2026-08-01,111.957054
EOG,2026-09-01,113.45718
EOG,2026-10-01,114.445625
EOG,2026-11-01,115.88983
EOG,2026-12-01,117.35576
EPD,2026-05-01,33.123344
EPD,2026-06-01,33.386745
EPD,2026-07-01,33.757694
EPD,2026-08-01,34.276596
EPD,2026-09-01,34.39193
EPD,2026-10-01,34.525978
EPD,2026-11-01,35.015293
EPD,2026-12-01,35.269024
EQIX,2026-05-01,815.1162
EQIX,2026-06-01,826.5068
EQIX,2026-07-01,847.46436
EQIX,2026-08-01,861.7636
EQIX,2026-09-01,870.8689
EQIX,2026-10-01,884.6044
EQIX,2026-11-01,902.48364
EQIX,2026-12-01,925.28326
ET,2026-05-01,16.93875
ET,2026-06-01,17.045666
ET,2026-07-01,17.26789
ET,2026-08-01,17.554525
ET,2026-09-01,17.559021
ET,2026-10-01,17.646122
ET,2026-11-01,17.887756
ET,2026-12-01,18.0376
F,2026-05-01,14.786639
F,2026-06-01,15.111186
F,2026-07-01,15.438278
F,2026-08-01,15.8738
F,2026-09-01,16.107187
F,2026-10-01,16.346329
F,2026-11-01,16.694384
F,2026-12-01,16.952265
FCX,2026-05-01,56.063564
FCX,2026-06-01,56.933403
FCX,2026-07-01,59.173897
FCX,2026-08-01,61.37993
FCX,2026-09-01,62.116814
FCX,2026-10-01,63.00168
FCX,2026-11-01,64.51564
FCX,2026-12-01,66.2722
FDX,2026-05-01,316.35724
FDX,2026-06-01,322.5973
FDX,2026-07-01,331.29016
FDX,2026-08-01,340.54288
FDX,2026-09-01,342.21893
FDX,2026-10-01,349.40002
FDX,2026-11-01,357.78662
FDX,2026-12-01,367.71216
FTNT,2026-05-01,92.84061
FTNT,2026-06-01,95.36319
FTNT,2026-07-01,99.41836
FTNT,2026-08-01,101.58325
FTNT,2026-09-01,102.79695
FTNT,2026-10-01,106.62851
FTNT,2026-11-01,109.01195
FTNT,2026-12-01,112.99199
GD,2026-05-01,360.71646
GD,2026-06-01,363.06177
GD,2026-07-01,367.62973
GD,2026-08-01,375.6127
GD,2026-09-01,381.74738
GD,2026-10-01,389.39996
GD,2026-11-01,393.97372
GD,2026-12-01,396.9126
GE,2026-05-01,345.69977
GE,2026-06-01,353.16315
GE,2026-07-01,362.85175
GE,2026-08-01,378.30768
GE,2026-09-01,388.8678
GE,2026-10-01,393.63028
GE,2026-11-01,403.6573
GE,2026-12-01,405.51477
GILD,2026-05-01,132.83124
GILD,2026-06-01,133.51685
GILD,2026-07-01,136.29764
GILD,2026-08-01,138.47424
GILD,2026-09-01,140.52731
GILD,2026-10-01,142.43633
GILD,2026-11-01,143.98566
GILD,2026-12-01,146.77512
GLW,2026-05-01,98.57591
GLW,2026-06-01,101.113815
GLW,2026-07-01,103.55051
GLW,2026-08-01,106.43495
GLW,2026-09-01,109.24118
GLW,2026-10-01,114.34639
GLW,2026-11-01,117.09304
GLW,2026-12-01,118.73109
GM,2026-05-01,94.60898
GM,2026-06-01,96.63732
GM,2026-07-01,99.88428
GM,2026-08-01,103.81409
GM,2026-09-01,104.822815
GM,2026-10-01,108.1676
GM,2026-11-01,111.55868
GM,2026-12-01,115.03975
GOOG,2026-05-01,347.4425
GOOG,2026-06-01,353.65115
GOOG,2026-07-01,363.62616
GOOG,2026-08-01,375.94275
GOOG,2026-09-01,379.56946
GOOG,2026-10-01,392.73077
GOOG,2026-11-01,404.95447
GOOG,2026-12-01,413.42987
GS,2026-05-01,990.00964
GS,2026-06-01,1013.546
GS,2026-07-01,1038.3142
GS,2026-08-01,1080.0004
GS,2026-09-01,1105.2102
GS,2026-10-01,1114.0239
GS,2026-11-01,1142.9126
GS,2026-12-01,1153.8284
HCA,2026-05-01,519.3805
HCA,2026-06-01,529.00055
HCA,2026-07-01,543.3268
HCA,2026-08-01,554.4778
HCA,2026-09-01,559.57623
HCA,2026-10-01,569.0946
HCA,2026-11-01,588.196
HCA,2026-12-01,598.1632
HD,2026-05-01,378.89774
HD,2026-06-01,381.2173
HD,2026-07-01,384.28012
HD,2026-08-01,392.9811
HD,2026-09-01,401.31757
HD,2026-10-01,407.9668
HD,2026-11-01,407.71585
HD,2026-12-01,414.5497
HLT,2026-05-01,319.32047
HLT,2026-06-01,323.86096
HLT,2026-07-01,331.4389
HLT,2026-08-01,341.63403
HLT,2026-09-01,345.6353
HLT,2026-10-01,347.67133
HLT,2026-11-01,353.94696
HLT,2026-12-01,359.1026
HON,2026-05-01,213.12813
HON,2026-06-01,214.95622
HON,2026-07-01,220.40451
HON,2026-08-01,225.7235
HON,2026-09-01,226.06839
HON,2026-10-01,228.63513
HON,2026-11-01,232.2002
HON,2026-12-01,236.97585
HOOD,2026-05-01,148.91173
HOOD,2026-06-01,153.51324
HOOD,2026-07-01,159.5709
HOOD,2026-08-01,170.75798
HOOD,2026-09-01,178.57141
HOOD,2026-10-01,185.14403
HOOD,2026-11-01,190.10503
HOOD,2026-12-01,191.77419
HWM,2026-05-01,229.17618
HWM,2026-06-01,236.24738
HWM,2026-07-01,244.95999
HWM,2026-08-01,256.9127
HWM,2026-09-01,262.49887
HWM,2026-10-01,264.51648
HWM,2026-11-01,275.77908
HWM,2026-12-01,278.7625
IBKR,2026-05-01,74.44484
IBKR,2026-06-01,75.251144
IBKR,2026-07-01,77.82495
IBKR,2026-08-01,81.46246
IBKR,2026-09-01,84.597206
IBKR,2026-10-01,86.221924
IBKR,2026-11-01,87.53482
IBKR,2026-12-01,87.994644
IBM,2026-05-01,344.05743
IBM,2026-06-01,358.57602
IBM,2026-07-01,376.24002
IBM,2026-08-01,385.17255
IBM,2026-09-01,395.77148
IBM,2026-10-01,407.85995
IBM,2026-11-01,430.88043
IBM,2026-12-01,442.00876
ICE,2026-05-01,168.58601
ICE,2026-06-01,170.27367
ICE,2026-07-01,174.2112
ICE,2026-08-01,178.93318
ICE,2026-09-01,180.8509
ICE,2026-10-01,183.19888
ICE,2026-11-01,186.98526
ICE,2026-12-01,189.08131
IDXX,2026-05-01,814.48254
IDXX,2026-06-01,829.31335
IDXX,2026-07-01,857.3026
IDXX,2026-08-01,892.8305
IDXX,2026-09-01,926.5344
IDXX,2026-10-01,937.42303
IDXX,2026-11-01,952.248
IDXX,2026-12-01,967.7786
INTC,2026-05-01,43.655952
INTC,2026-06-01,44.80066
INTC,2026-07-01,46.292313
INTC,2026-08-01,47.380264
INTC,2026-09-01,48.142616
INTC,2026-10-01,50.631153
INTC,2026-11-01,53.21454
INTC,2026-12-01,54.15284
INTU,2026-05-01,736.304
INTU,2026-06-01,747.6559
INTU,2026-07-01,777.49756
INTU,2026-08-01,804.91754
INTU,2026-09-01,808.2571
INTU,2026-10-01,820.86646
INTU,2026-11-01,844.8116
INTU,2026-12-01,870.6605
ISRG,2026-05-01,645.66766
ISRG,2026-06-01,666.0158
ISRG,2026-07-01,693.2453
ISRG,2026-08-01,710.6478
ISRG,2026-09-01,714.67017
ISRG,2026-10-01,739.87805
ISRG,2026-11-01,763.276
ISRG,2026-12-01,796.0998
ITW,2026-05-01,263.47897
ITW,2026-06-01,264.42236
ITW,2026-07-01,267.24808
ITW,2026-08-01,271.7212
ITW,2026-09-01,274.2108
ITW,2026-10-01,276.9276
ITW,2026-11-01,278.83362
ITW,2026-12-01,281.3182
JNJ,2026-05-01,221.52602
JNJ,2026-06-01,224.33693
JNJ,2026-07-01,227.74632
JNJ,2026-08-01,231.49203
JNJ,2026-09-01,234.84135
JNJ,2026-10-01,240.10312
JNJ,2026-11-01,243.53125
JNJ,2026-12-01,247.38733
JPM,2026-05-01,346.02286
JPM,2026-06-01,352.85666
JPM,2026-07-01,358.58456
JPM,2026-08-01,372.55603
JPM,2026-09-01,381.2212
JPM,2026-10-01,382.52484
JPM,2026-11-01,391.00708
JPM,2026-12-01,391.94202
KKR,2026-05-01,147.00717
KKR,2026-06-01,148.47449
KKR,2026-07-01,154.06729
KKR,2026-08-01,160.38918
KKR,2026-09-01,163.59894
KKR,2026-10-01,166.74539
KKR,2026-11-01,171.9769
KKR,2026-12-01,176.32333
KLAC,2026-05-01,1427.128
KLAC,2026-06-01,1467.9999
KLAC,2026-07-01,1527.2043
KLAC,2026-08-01,1579.5188
KLAC,2026-09-01,1605.8693
KLAC,2026-10-01,1656.088
KLAC,2026-11-01,1714.0645
KLAC,2026-12-01,1749.3414
KMI,2026-05-01,27.469135
KMI,2026-06-01,27.742273
KMI,2026-07-01,28.1568
KMI,2026-08-01,28.498005
KMI,2026-09-01,28.69588
KMI,2026-10-01,28.832573
KMI,2026-11-01,29.491285
KMI,2026-12-01,29.610666
KO,2026-05-01,72.84674
KO,2026-06-01,73.41881
KO,2026-07-01,74.34437
KO,2026-08-01,74.97011
KO,2026-09-01,75.35888
KO,2026-10-01,76.286026
KO,2026-11-01,76.64196
KO,2026-12-01,78.08818
LHX,2026-05-01,314.63824
LHX,2026-06-01,317.19745
LHX,2026-07-01,324.46518
LHX,2026-08-01,334.23196
LHX,2026-09-01,343.0213
LHX,2026-10-01,348.0942
LHX,2026-11-01,352.25912
LHX,2026-12-01,352.4676
LLY,2026-05-01,1227.312
LLY,2026-06-01,1265.1001
LLY,2026-07-01,1309.1664
LLY,2026-08-01,1348.0819
LLY,2026-09-01,1354.3024
LLY,2026-10-01,1418.6099
LLY,2026-11-01,1475.3313
LLY,2026-12-01,1536.4271
LMT,2026-05-01,507.0575
LMT,2026-06-01,518.9692
LMT,2026-07-01,528.3668
LMT,2026-08-01,530.6943
LMT,2026-09-01,541.42615
LMT,2026-10-01,551.646
LMT,2026-11-01,570.4558
LMT,2026-12-01,577.4157
LOW,2026-05-01,264.6683
LOW,2026-06-01,267.04324
LOW,2026-07-01,271.65878
LOW,2026-08-01,277.73346
LOW,2026-09-01,284.00333
LOW,2026-10-01,289.9907
LOW,2026-11-01,294.54434
LOW,2026-12-01,297.94995
LRCX,2026-05-01,203.3446
LRCX,2026-06-01,208.6793
LRCX,2026-07-01,217.91129
LRCX,2026-08-01,226.13293
LRCX,2026-09-01,228.90652
LRCX,2026-10-01,238.95639
LRCX,2026-11-01,248.2777
LRCX,2026-12-01,254.25061
MA,2026-05-01,601.58765
MA,2026-06-01,608.3174
MA,2026-07-01,620.8841
MA,2026-08-01,630.84143
MA,2026-09-01,634.40704
MA,2026-10-01,643.61816
MA,2026-11-01,651.5558
MA,2026-12-01,661.1538
MAR,2026-05-01,338.53082
MAR,2026-06-01,344.7574
MAR,2026-07-01,355.4634
MAR,2026-08-01,366.64395
MAR,2026-09-01,367.47736
MAR,2026-10-01,371.3488
MAR,2026-11-01,383.04297
MAR,2026-12-01,390.3969
MCD,2026-05-01,326.99185
MCD,2026-06-01,331.62744
MCD,2026-07-01,333.7748
MCD,2026-08-01,337.76544
MCD,2026-09-01,339.38486
MCD,2026-10-01,344.57828
MCD,2026-11-01,349.94583
MCD,2026-12-01,353.8984
MCK,2026-05-01,897.514
MCK,2026-06-01,910.7952
MCK,2026-07-01,934.674
MCK,2026-08-01,947.9671
MCK,2026-09-01,953.9404
MCK,2026-10-01,981.4472
MCK,2026-11-01,1009.78827
MCK,2026-12-01,1031.3192
MCO,2026-05-01,532.634
MCO,2026-06-01,536.1185
MCO,2026-07-01,546.0818
MCO,2026-08-01,558.63446
MCO,2026-09-01,563.18616
MCO,2026-10-01,566.3774
MCO,2026-11-01,573.2289
MCO,2026-12-01,583.9113
MDLZ,2026-05-01,57.00635
MDLZ,2026-06-01,57.869637
MDLZ,2026-07-01,58.78274
MDLZ,2026-08-01,60.05706
MDLZ,2026-09-01,60.76034
MDLZ,2026-10-01,61.910954
MDLZ,2026-11-01,63.015865
MDLZ,2026-12-01,64.04515
MET,2026-05-01,85.88921
MET,2026-06-01,87.380066
MET,2026-07-01,88.891556
MET,2026-08-01,90.00811
MET,2026-09-01,90.592316
MET,2026-10-01,91.79292
MET,2026-11-01,93.64512
MET,2026-12-01,94.50732
META,2026-05-01,737.279
META,2026-06-01,747.4536
META,2026-07-01,764.1533
META,2026-08-01,795.6535
META,2026-09-01,815.1853
META,2026-10-01,830.1559
META,2026-11-01,836.05396
META,2026-12-01,853.64575
MMC,2026-05-01,194.89958
MMC,2026-06-01,198.54964
MMC,2026-07-01,203.23784
MMC,2026-08-01,206.18465
MMC,2026-09-01,209.86046
MMC,2026-10-01,211.12894
MMC,2026-11-01,214.39462
MMC,2026-12-01,215.76743
MMM,2026-05-01,172.78494
MMM,2026-06-01,175.18915
MMM,2026-07-01,178.34924
MMM,2026-08-01,182.20372
MMM,2026-09-01,183.577
MMM,2026-10-01,184.74055
MMM,2026-11-01,188.39487
MMM,2026-12-01,190.50171
MNST,2026-05-01,81.89582
MNST,2026-06-01,83.55558
MNST,2026-07-01,85.08572
MNST,2026-08-01,86.33039
MNST,2026-09-01,87.12931
MNST,2026-10-01,88.645935
MNST,2026-11-01,91.36632
MNST,2026-12-01,92.78595
MO,2026-05-01,63.191776
MO,2026-06-01,63.507965
MO,2026-07-01,64.050705
MO,2026-08-01,65.2992
MO,2026-09-01,66.53316
MO,2026-10-01,67.643135
MO,2026-11-01,67.69372
MO,2026-12-01,68.56392
MPLX,2026-05-01,56.44646
MPLX,2026-06-01,57.126915
MPLX,2026-07-01,58.242733
MPLX,2026-08-01,59.298477
MPLX,2026-09-01,59.388885
MPLX,2026-10-01,59.920692
MPLX,2026-11-01,61.076984
MPLX,2026-12-01,62.16534
MRK,2026-05-01,109.63767
MRK,2026-06-01,111.43125
MRK,2026-07-01,113.93238
MRK,2026-08-01,116.50757
MRK,2026-09-01,117.39592
MRK,2026-10-01,120.21162
MRK,2026-11-01,122.9072
MRK,2026-12-01,126.25844
MRVL,2026-05-01,97.96448
MRVL,2026-06-01,100.69944
MRVL,2026-07-01,105.58341
MRVL,2026-08-01,109.636536
MRVL,2026-09-01,111.8918
MRVL,2026-10-01,115.31404
MRVL,2026-11-01,119.53079
MRVL,2026-12-01,122.37592
MS,2026-05-01,194.77988
MS,2026-06-01,199.53574
MS,2026-07-01,204.11717
MS,2026-08-01,210.41885
MS,2026-09-01,213.6123
MS,2026-10-01,216.15727
MS,2026-11-01,221.47081
MS,2026-12-01,223.77576
MSFT,2026-05-01,534.4949
MSFT,2026-06-01,539.6169
MSFT,2026-07-01,553.07104
MSFT,2026-08-01,575.39087
MSFT,2026-09-01,588.65796
MSFT,2026-10-01,593.308
MSFT,2026-11-01,601.5317
MSFT,2026-12-01,607.0778
MSI,2026-05-01,409.52692
MSI,2026-06-01,415.23785
MSI,2026-07-01,418.79892
MSI,2026-08-01,431.023
MSI,2026-09-01,442.27646
MSI,2026-10-01,451.87653
MSI,2026-11-01,451.3223
MSI,2026-12-01,461.64288
MU,2026-05-01,327.89117
MU,2026-06-01,337.97638
MU,2026-07-01,357.4916
MU,2026-08-01,372.72772
MU,2026-09-01,377.43152
MU,2026-10-01,396.44867
MU,2026-11-01,416.58148
MU,2026-12-01,432.07373
NDAQ,2026-05-01,104.034836
NDAQ,2026-06-01,104.84628
NDAQ,2026-07-01,107.66849
NDAQ,2026-08-01,111.065125
NDAQ,2026-09-01,113.05373
NDAQ,2026-10-01,113.57264
NDAQ,2026-11-01,114.932526
NDAQ,2026-12-01,117.81142
NEE,2026-05-01,86.28459
NEE,2026-06-01,87.29903
NEE,2026-07-01,89.72901
NEE,2026-08-01,91.1429
NEE,2026-09-01,91.766205
NEE,2026-10-01,93.84064
NEE,2026-11-01,96.05249
NEE,2026-12-01,97.79269
NEM,2026-05-01,114.62539
NEM,2026-06-01,117.27751
NEM,2026-07-01,119.988075
NEM,2026-08-01,122.685684
NEM,2026-09-01,125.630585
NEM,2026-10-01,130.39485
NEM,2026-11-01,133.64142
NEM,2026-12-01,135.36496
NET,2026-05-01,234.53911
NET,2026-06-01,239.92279
NET,2026-07-01,249.0782
NET,2026-08-01,266.21252
NET,2026-09-01,277.5802
NET,2026-10-01,280.60513
NET,2026-11-01,288.8726
NET,2026-12-01,290.62036
NFLX,2026-05-01,107.64896
NFLX,2026-06-01,108.995285
NFLX,2026-07-01,113.090034
NFLX,2026-08-01,118.237274
NFLX,2026-09-01,120.633675
NFLX,2026-10-01,123.751045
NFLX,2026-11-01,125.83097
NFLX,2026-12-01,129.04535
NKE,2026-05-01,65.77714
NKE,2026-06-01,65.93008
NKE,2026-07-01,67.31569
NKE,2026-08-01,69.43939
NKE,2026-09-01,71.08185
NKE,2026-10-01,72.26858
NKE,2026-11-01,72.73029
NKE,2026-12-01,74.89213
NOC,2026-05-01,630.95
NOC,2026-06-01,635.63104
NOC,2026-07-01,644.9192
NOC,2026-08-01,659.12634
NOC,2026-09-01,677.2776
NOC,2026-10-01,693.6952
NOC,2026-11-01,701.3612
NOC,2026-12-01,711.26184
NOW,2026-05-01,169.42209
NOW,2026-06-01,176.55638
NOW,2026-07-01,183.61333
NOW,2026-08-01,190.68855
NOW,2026-09-01,192.44307
NOW,2026-10-01,198.45479
NOW,2026-11-01,206.95937
NOW,2026-12-01,214.45438
NSC,2026-05-01,321.72815
NSC,2026-06-01,325.50665
NSC,2026-07-01,332.56412
NSC,2026-08-01,343.51233
NSC,2026-09-01,352.9443
NSC,2026-10-01,356.25232
NSC,2026-11-01,361.548
NSC,2026-12-01,362.3892
NVDA,2026-05-01,214.29842
NVDA,2026-06-01,216.71895
NVDA,2026-07-01,225.73534
NVDA,2026-08-01,238.42459
NVDA,2026-09-01,248.68198
NVDA,2026-10-01,252.85484
NVDA,2026-11-01,256.69592
NVDA,2026-12-01,259.87662
ORCL,2026-05-01,221.8018
ORCL,2026-06-01,227.45656
ORCL,2026-07-01,230.55525
ORCL,2026-08-01,250.15417
ORCL,2026-09-01,263.7441
ORCL,2026-10-01,278.3267
ORCL,2026-11-01,285.4216
ORCL,2026-12-01,289.11438
ORLY,2026-05-01,100.85713
ORLY,2026-06-01,101.10055
ORLY,2026-07-01,101.81171
ORLY,2026-08-01,103.76238
ORLY,2026-09-01,106.4894
ORLY,2026-10-01,108.03192
ORLY,2026-11-01,107.559456
ORLY,2026-12-01,108.556435
PANW,2026-05-01,207.6878
PANW,2026-06-01,216.23604
PANW,2026-07-01,224.10043
PANW,2026-08-01,229.4311
PANW,2026-09-01,235.4782
PANW,2026-10-01,242.39789
PANW,2026-11-01,253.99057
PANW,2026-12-01,258.99008
PCAR,2026-05-01,119.09228
PCAR,2026-06-01,120.99379
PCAR,2026-07-01,123.52477
PCAR,2026-08-01,126.42719
PCAR,2026-09-01,127.402466
PCAR,2026-10-01,129.31818
PCAR,2026-11-01,131.70311
PCAR,2026-12-01,134.4328
PEP,2026-05-01,162.32246
PEP,2026-06-01,162.29065
PEP,2026-07-01,164.41103
PEP,2026-08-01,167.08525
PEP,2026-09-01,170.02228
PEP,2026-10-01,172.90025
PEP,2026-11-01,174.96255
PEP,2026-12-01,177.74603
PFE,2026-05-01,26.795319
PFE,2026-06-01,27.034315
PFE,2026-07-01,27.488634
PFE,2026-08-01,27.991096
PFE,2026-09-01,28.37093
PFE,2026-10-01,28.4329
PFE,2026-11-01,28.751972
PFE,2026-12-01,29.053438
PG,2026-05-01,149.95496
PG,2026-06-01,150.9964
PG,2026-07-01,152.75934
PG,2026-08-01,154.12001
PG,2026-09-01,155.8762
PG,2026-10-01,156.01309
PG,2026-11-01,157.47769
PG,2026-12-01,158.81105
PGR,2026-05-01,240.949
PGR,2026-06-01,247.97227
PGR,2026-07-01,254.98018
PGR,2026-08-01,259.71478
PGR,2026-09-01,265.02994
PGR,2026-10-01,269.2954
PGR,2026-11-01,275.7107
PGR,2026-12-01,277.95456
PH,2026-05-01,959.6229
PH,2026-06-01,978.7307
PH,2026-07-01,1003.574
PH,2026-08-01,1037.816
PH,2026-09-01,1050.5841
PH,2026-10-01,1057.9849
PH,2026-11-01,1082.2013
PH,2026-12-01,1102.0796
PLD,2026-05-01,136.86414
PLD,2026-06-01,139.1196
PLD,2026-07-01,141.97435
PLD,2026-08-01,144.2687
PLD,2026-09-01,144.97255
PLD,2026-10-01,147.82838
PLD,2026-11-01,151.69724
PLD,2026-12-01,153.68567
PLTR,2026-05-01,222.77054
PLTR,2026-06-01,226.22372
PLTR,2026-07-01,233.6857
PLTR,2026-08-01,243.0617
PLTR,2026-09-01,249.9588
PLTR,2026-10-01,254.93646
PLTR,2026-11-01,259.38144
PLTR,2026-12-01,264.2456
PM,2026-05-01,166.25488
PM,2026-06-01,167.48788
PM,2026-07-01,172.11208
PM,2026-08-01,175.09666
PM,2026-09-01,174.8353
PM,2026-10-01,176.64964
PM,2026-11-01,180.56282
PM,2026-12-01,182.80626
PNC,2026-05-01,233.94482
PNC,2026-06-01,238.05322
PNC,2026-07-01,243.83234
PNC,2026-08-01,252.74088
PNC,2026-09-01,257.0475
PNC,2026-10-01,260.81293
PNC,2026-11-01,265.44147
PNC,2026-12-01,270.7335
PWR,2026-05-01,487.12012
PWR,2026-06-01,502.50098
PWR,2026-07-01,522.9096
PWR,2026-08-01,546.2078
PWR,2026-09-01,558.38025
PWR,2026-10-01,567.82684
PWR,2026-11-01,587.9391
PWR,2026-12-01,598.2635
PYPL,2026-05-01,62.85829
PYPL,2026-06-01,64.22238
PYPL,2026-07-01,65.99301
PYPL,2026-08-01,68.08895
PYPL,2026-09-01,68.287834
PYPL,2026-10-01,69.72669
PYPL,2026-11-01,71.59597
PYPL,2026-12-01,73.28719
QCOM,2026-05-01,188.89786
QCOM,2026-06-01,193.12914
QCOM,2026-07-01,197.39848
QCOM,2026-08-01,201.35046
QCOM,2026-09-01,204.28204
QCOM,2026-10-01,207.36887
QCOM,2026-11-01,213.12721
QCOM,2026-12-01,214.82126
RBLX,2026-05-01,95.62419
RBLX,2026-06-01,97.02022
RBLX,2026-07-01,98.10847
RBLX,2026-08-01,104.93852
RBLX,2026-09-01,111.25815
RBLX,2026-10-01,116.60761
RBLX,2026-11-01,115.12594
RBLX,2026-12-01,119.70267
RCL,2026-05-01,346.80508
RCL,2026-06-01,350.69788
RCL,2026-07-01,357.8958
RCL,2026-08-01,377.21445
RCL,2026-09-01,389.40515
RCL,2026-10-01,400.2626
RCL,2026-11-01,400.5053
RCL,2026-12-01,414.01764
REGN,2026-05-01,846.09155
REGN,2026-06-01,867.42065
REGN,2026-07-01,888.5276
REGN,2026-08-01,919.3129
REGN,2026-09-01,924.00214
REGN,2026-10-01,962.6112
REGN,2026-11-01,1000.0542
REGN,2026-12-01,1031.8921
RKT,2026-05-01,22.119556
RKT,2026-06-01,22.35543
RKT,2026-07-01,23.021114
RKT,2026-08-01,24.006962
RKT,2026-09-01,24.994263
RKT,2026-10-01,25.801039
RKT,2026-11-01,26.279509
RKT,2026-12-01,27.151615
ROST,2026-05-01,195.72281
ROST,2026-06-01,200.95502
ROST,2026-07-01,203.36682
ROST,2026-08-01,208.12325
ROST,2026-09-01,210.0133
ROST,2026-10-01,217.26376
ROST,2026-11-01,222.95946
ROST,2026-12-01,228.31993
RSG,2026-05-01,220.98312
RSG,2026-06-01,222.81749
RSG,2026-07-01,226.39432
RSG,2026-08-01,229.07388
RSG,2026-09-01,230.42206
RSG,2026-10-01,232.51788
RSG,2026-11-01,235.22932
RSG,2026-12-01,236.91107
RTX,2026-05-01,197.4233
RTX,2026-06-01,200.16591
RTX,2026-07-01,205.25768
RTX,2026-08-01,210.91254
RTX,2026-09-01,214.96799
RTX,2026-10-01,218.3587
RTX,2026-11-01,222.22382
RTX,2026-12-01,225.07423
SBUX,2026-05-01,94.524734
SBUX,2026-06-01,95.572105
SBUX,2026-07-01,97.9677
SBUX,2026-08-01,99.86459
SBUX,2026-09-01,100.905106
SBUX,2026-10-01,102.349686
SBUX,2026-11-01,103.70969
SBUX,2026-12-01,106.53857
SCCO,2026-05-01,165.65671
SCCO,2026-06-01,169.06236
SCCO,2026-07-01,175.21307
SCCO,2026-08-01,180.03615
SCCO,2026-09-01,181.44754
SCCO,2026-10-01,187.97379
SCCO,2026-11-01,195.22787
SCCO,2026-12-01,199.31976
SCHW,2026-05-01,106.712006
SCHW,2026-06-01,107.64367
SCHW,2026-07-01,109.98664
SCHW,2026-08-01,113.09397
SCHW,2026-09-01,114.84018
SCHW,2026-10-01,115.438034
SCHW,2026-11-01,116.805565
SCHW,2026-12-01,118.38118
SHW,2026-05-01,339.47598
SHW,2026-06-01,340.34247
SHW,2026-07-01,345.62943
SHW,2026-08-01,350.50272
SHW,2026-09-01,354.25812
SHW,2026-10-01,356.91367
SHW,2026-11-01,359.3664
SHW,2026-12-01,363.22052
SLB,2026-05-01,40.3209
SLB,2026-06-01,40.92598
SLB,2026-07-01,41.657013
SLB,2026-08-01,42.305923
SLB,2026-09-01,42.49852
SLB,2026-10-01,43.2775
SLB,2026-11-01,44.312645
SLB,2026-12-01,45.21903
SNOW,2026-05-01,262.8307
SNOW,2026-06-01,274.65762
SNOW,2026-07-01,290.56015
SNOW,2026-08-01,304.15686
SNOW,2026-09-01,314.25238
SNOW,2026-10-01,321.96332
SNOW,2026-11-01,341.59625
SNOW,2026-12-01,348.19162
SNPS,2026-05-01,545.6975
SNPS,2026-06-01,551.5231
SNPS,2026-07-01,580.1337
SNPS,2026-08-01,608.0457
SNPS,2026-09-01,613.3571
SNPS,2026-10-01,634.0427
SNPS,2026-11-01,647.39777
SNPS,2026-12-01,680.7621
SO,2026-05-01,89.52932
SO,2026-06-01,89.655495
SO,2026-07-01,90.21662
SO,2026-08-01,91.17682
SO,2026-09-01,92.25247
SO,2026-10-01,93.5279
SO,2026-11-01,93.7702
SO,2026-12-01,94.77225
SPG,2026-05-01,197.41408
SPG,2026-06-01,199.91277
SPG,2026-07-01,202.37857
SPG,2026-08-01,205.7985
SPG,2026-09-01,209.39748
SPG,2026-10-01,212.72974
SPG,2026-11-01,214.97023
SPG,2026-12-01,216.36409
SPGI,2026-05-01,548.54376
SPGI,2026-06-01,552.5104
SPGI,2026-07-01,566.3679
SPGI,2026-08-01,579.93054
SPGI,2026-09-01,585.5633
SPGI,2026-10-01,592.0393
SPGI,2026-11-01,600.7962
SPGI,2026-12-01,616.6357
SRE,2026-05-01,93.925255
SRE,2026-06-01,95.31872
SRE,2026-07-01,96.99946
SRE,2026-08-01,98.545586
SRE,2026-09-01,99.75217
SRE,2026-10-01,102.52419
SRE,2026-11-01,104.5536
SRE,2026-12-01,105.528786
SYK,2026-05-01,365.44336
SYK,2026-06-01,367.23694
SYK,2026-07-01,371.01608
SYK,2026-08-01,377.03452
SYK,2026-09-01,378.1165
SYK,2026-10-01,382.1379
SYK,2026-11-01,384.06802
SYK,2026-12-01,389.27783
T,2026-05-01,25.592112
T,2026-06-01,25.68241
T,2026-07-01,26.045248
T,2026-08-01,26.508066
T,2026-09-01,27.040792
T,2026-10-01,27.294579
T,2026-11-01,27.26842
T,2026-12-01,27.48685
TDG,2026-05-01,1361.2344
TDG,2026-06-01,1385.759
TDG,2026-07-01,1420.2933
TDG,2026-08-01,1457.6588
TDG,2026-09-01,1467.4592
TDG,2026-10-01,1504.54
TDG,2026-11-01,1529.91
TDG,2026-12-01,1569.227
TFC,2026-05-01,54.44399
TFC,2026-06-01,55.42348
TFC,2026-07-01,56.69991
TFC,2026-08-01,58.467117
TFC,2026-09-01,59.366444
TFC,2026-10-01,59.98565
TFC,2026-11-01,61.04821
TFC,2026-12-01,62.042572
TJX,2026-05-01,164.09842
TJX,2026-06-01,167.16388
TJX,2026-07-01,168.44247
TJX,2026-08-01,170.91798
TJX,2026-09-01,173.24457
TJX,2026-10-01,177.8063
TJX,2026-11-01,181.1326
TJX,2026-12-01,182.96378
TMO,2026-05-01,620.2141
TMO,2026-06-01,623.26245
TMO,2026-07-01,631.28625
TMO,2026-08-01,645.08813
TMO,2026-09-01,657.87897
TMO,2026-10-01,678.3518
TMO,2026-11-01,692.5657
TMO,2026-12-01,702.9678
TMUS,2026-05-01,209.90633
TMUS,2026-06-01,213.76675
TMUS,2026-07-01,217.02216
TMUS,2026-08-01,222.74118
TMUS,2026-09-01,228.00941
TMUS,2026-10-01,229.27641
TMUS,2026-11-01,233.23085
TMUS,2026-12-01,234.83003
TRV,2026-05-01,307.6324
TRV,2026-06-01,311.75186
TRV,2026-07-01,316.7999
TRV,2026-08-01,321.23465
TRV,2026-09-01,322.35965
TRV,2026-10-01,326.93866
TRV,2026-11-01,334.6259
TRV,2026-12-01,336.73615
TSLA,2026-05-01,542.5394
TSLA,2026-06-01,562.9313
TSLA,2026-07-01,581.10535
TSLA,2026-08-01,594.7201
TSLA,2026-09-01,603.2466
TSLA,2026-10-01,628.81885
TSLA,2026-11-01,660.9563
TSLA,2026-12-01,671.52826
TXN,2026-05-01,200.55971
TXN,2026-06-01,203.58163
TXN,2026-07-01,212.11787
TXN,2026-08-01,220.49911
TXN,2026-09-01,222.49332
TXN,2026-10-01,225.75658
TXN,2026-11-01,231.79199
TXN,2026-12-01,237.30544
UBER,2026-05-01,89.4844
UBER,2026-06-01,91.02297
UBER,2026-07-01,93.27547
UBER,2026-08-01,96.90936
UBER,2026-09-01,99.36264
UBER,2026-10-01,101.36838
UBER,2026-11-01,102.43849
UBER,2026-12-01,103.99046
UNH,2026-05-01,433.40912
UNH,2026-06-01,433.25198
UNH,2026-07-01,446.28467
UNH,2026-08-01,454.8447
UNH,2026-09-01,474.28992
UNH,2026-10-01,472.30737
UNH,2026-11-01,492.1682
UNH,2026-12-01,503.53516
UNP,2026-05-01,244.72949
UNP,2026-06-01,247.1872
UNP,2026-07-01,250.71985
UNP,2026-08-01,253.67482
UNP,2026-09-01,254.48901
UNP,2026-10-01,256.669
UNP,2026-11-01,261.5873
UNP,2026-12-01,262.98215
UPS,2026-05-01,112.29007
UPS,2026-06-01,115.05259
UPS,2026-07-01,119.10424
UPS,2026-08-01,121.48139
UPS,2026-09-01,122.22379
UPS,2026-10-01,125.974915
UPS,2026-11-01,129.21974
UPS,2026-12-01,133.952
USB,2026-05-01,58.73731
USB,2026-06-01,59.935467
USB,2026-07-01,61.30707
USB,2026-08-01,62.830612
USB,2026-09-01,63.369694
USB,2026-10-01,64.06803
USB,2026-11-01,65.44283
USB,2026-12-01,66.23983
V,2026-05-01,359.28406
V,2026-06-01,362.85608
V,2026-07-01,368.46613
V,2026-08-01,372.60046
V,2026-09-01,372.23065
V,2026-10-01,375.2501
V,2026-11-01,381.62537
V,2026-12-01,386.31458
VRT,2026-05-01,191.37772
VRT,2026-06-01,197.85934
VRT,2026-07-01,209.39029
VRT,2026-08-01,219.3486
VRT,2026-09-01,224.09892
VRT,2026-10-01,232.92442
VRT,2026-11-01,242.44565
VRT,2026-12-01,249.34326
VRTX,2026-05-01,493.97025
VRTX,2026-06-01,506.12167
VRTX,2026-07-01,517.92487
VRTX,2026-08-01,526.6459
VRTX,2026-09-01,529.92584
VRTX,2026-10-01,548.4667
VRTX,2026-11-01,554.9833
VRTX,2026-12-01,572.3245
VST,2026-05-01,192.77771
VST,2026-06-01,195.55527
VST,2026-07-01,201.90337
VST,2026-08-01,216.24362
VST,2026-09-01,225.6688
VST,2026-10-01,229.19643
VST,2026-11-01,233.93915
VST,2026-12-01,236.08661
VZ,2026-05-01,41.321476
VZ,2026-06-01,41.59806
VZ,2026-07-01,41.989143
VZ,2026-08-01,42.673115
VZ,2026-09-01,43.200794
VZ,2026-10-01,43.573235
VZ,2026-11-01,44.0847
VZ,2026-12-01,44.16774
WBD,2026-05-01,33.77838
WBD,2026-06-01,34.646355
WBD,2026-07-01,36.558685
WBD,2026-08-01,38.403954
WBD,2026-09-01,38.665077
WBD,2026-10-01,40.80001
WBD,2026-11-01,42.79819
WBD,2026-12-01,44.372643
WDAY,2026-05-01,234.70802
WDAY,2026-06-01,239.42606
WDAY,2026-07-01,245.61499
WDAY,2026-08-01,250.27191
WDAY,2026-09-01,252.83977
WDAY,2026-10-01,258.15475
WDAY,2026-11-01,264.04684
WDAY,2026-12-01,271.71225
WDC,2026-05-01,222.04214
WDC,2026-06-01,229.37105
WDC,2026-07-01,240.55888
WDC,2026-08-01,253.16884
WDC,2026-09-01,256.57507
WDC,2026-10-01,269.67426
WDC,2026-11-01,281.2084
WDC,2026-12-01,291.2035
WELL,2026-05-01,202.1857
WELL,2026-06-01,204.76407
WELL,2026-07-01,208.95425
WELL,2026-08-01,213.57803
WELL,2026-09-01,216.16467
WELL,2026-10-01,219.59853
WELL,2026-11-01,223.50322
WELL,2026-12-01,227.08769
WFC,2026-05-01,101.49774
WFC,2026-06-01,104.19036
WFC,2026-07-01,106.67398
WFC,2026-08-01,110.072105
WFC,2026-09-01,111.76734
WFC,2026-10-01,112.78969
WFC,2026-11-01,115.954704
WFC,2026-12-01,117.02229
WM,2026-05-01,227.83475
WM,2026-06-01,229.68765
WM,2026-07-01,233.59285
WM,2026-08-01,236.44887
WM,2026-09-01,238.86655
WM,2026-10-01,240.05064
WM,2026-11-01,243.21904
WM,2026-12-01,244.28003
WMB,2026-05-01,62.289528
WMB,2026-06-01,63.08359
WMB,2026-07-01,64.18183
WMB,2026-08-01,64.83857
WMB,2026-09-01,65.71824
WMB,2026-10-01,66.681885
WMB,2026-11-01,67.83998
WMB,2026-12-01,68.31068
WMT,2026-05-01,122.56827
WMT,2026-06-01,124.728645
WMT,2026-07-01,126.932144
WMT,2026-08-01,129.16678
WMT,2026-09-01,130.21376
WMT,2026-10-01,132.21216
WMT,2026-11-01,134.48383
WMT,2026-12-01,136.39001
XOM,2026-05-01,122.1882
XOM,2026-06-01,123.93368
XOM,2026-07-01,125.9458
XOM,2026-08-01,127.59195
XOM,2026-09-01,128.942
XOM,2026-10-01,130.7146
XOM,2026-11-01,133.91002
XOM,2026-12-01,134.93773
ZTS,2026-05-01,130.52818
ZTS,2026-06-01,133.24078
ZTS,2026-07-01,137.97658
ZTS,2026-08-01,142.37593
ZTS,2026-09-01,144.20335
ZTS,2026-10-01,146.6595
ZTS,2026-11-01,149.46179
ZTS,2026-12-01,154.18591
