date,Ticker,Open,High,Low,Close,Volume
2022-01-19,CEG,36.783998398553756,41.623998187837145,36.783998398553756,40.65599822998047,129900.0
2022-01-20,CEG,39.63958810272193,46.82214404069722,39.63958810272193,43.55998611450195,153400.0
2022-01-21,CEG,41.6239867316352,48.351585325622324,41.575587485588684,43.55998611450195,329500.0
2022-01-24,CEG,43.48254788210883,43.55998963614472,40.53983138864066,41.430389404296875,110000.0
2022-01-25,CEG,41.13999569710731,43.48255367963478,40.00743758802417,40.55725860595703,23500.0
2022-01-26,CEG,43.569680949545024,43.618083906506456,40.8980024164456,41.83696365356445,90500.0
2022-01-27,CEG,45.747669266560685,48.032149402524894,42.34999156781812,44.29566955566406,151600.0
2022-01-28,CEG,43.124389897245685,46.07678851762284,42.73719219689975,45.253990173339844,43600.0
2022-01-31,CEG,44.52798970540365,46.4639892578125,44.52798970540365,46.4639892578125,71300.0
2022-02-01,CEG,45.97999598146385,48.39999576996195,45.54439528100887,48.187034606933594,298800.0
2022-02-02,CEG,48.43387299673179,54.43063185251157,48.20639243811017,51.31367111206055,23860900.0
2022-02-03,CEG,50.519908096137115,54.75974824261533,48.69038906990112,51.90414810180664,8425500.0
2022-02-04,CEG,50.916793720721714,52.59143681228913,48.51615439025372,48.53551483154297,6757800.0
2022-02-07,CEG,48.39999655542854,48.43871743890328,44.527996830994255,44.59575653076172,9432500.0
2022-02-08,CEG,43.68583597894342,46.038076002170286,42.75655328007645,44.04399490356445,7277500.0
2022-02-09,CEG,43.317989377225494,45.931589474823525,42.475830617681765,45.79607009887695,4393100.0
2022-02-10,CEG,44.05366730573071,46.94798820322081,43.92782999604168,45.54438781738281,2450000.0
2022-02-11,CEG,45.263675259519474,47.34487659331078,44.58607826026342,46.551116943359375,3456800.0
2022-02-14,CEG,46.647910784026905,47.431991980810274,45.48631393451629,46.570472717285156,2155000.0
2022-02-15,CEG,46.1735900634764,46.89958989562972,45.68959017537418,46.4639892578125,2359800.0
2022-02-16,CEG,46.192962354084614,46.91896237251154,45.447601892051054,45.68960189819336,5855300.0
2022-02-17,CEG,44.837752151378275,45.57343409531895,43.74391130170735,43.84071350097656,3142600.0
2022-02-18,CEG,43.70519270796787,44.43119256230204,43.366390560369524,43.956871032714844,2018700.0
2022-02-22,CEG,43.956867916690975,44.21822828883906,42.09831019380591,42.14670944213867,2611100.0
2022-02-23,CEG,42.29189979572057,42.582302620214946,40.83022207282523,41.71110153198242,2791200.0
2022-02-24,CEG,41.90631879103687,43.30481333044796,41.003123243266515,43.04259490966797,2447900.0
2022-02-25,CEG,43.02317170760544,43.635014700749814,42.47931456236506,42.644412994384766,2040700.0
2022-02-28,CEG,42.051997847661916,45.27630783567438,41.23620835040881,44.654754638671875,5534900.0
2022-03-01,CEG,44.30513218013375,46.66509463605857,44.042913717836605,46.41259002685547,4212900.0
2022-03-02,CEG,46.61652820585359,48.85023610810098,45.965840944592976,48.034446716308594,3517100.0
2022-03-03,CEG,48.38407643788796,48.87937917763135,46.17659051193529,48.09272384643555,2072200.0
2022-03-04,CEG,47.75281030434759,49.568915444708146,46.85932851305195,49.530067443847656,2544600.0
2022-03-07,CEG,49.58833616854914,51.06452676096384,48.43263230018389,50.16133117675781,2726900.0
2022-03-08,CEG,49.70488477419297,53.725560651502306,49.384394291777184,50.81202697753906,3873700.0
2022-03-09,CEG,50.92855960468353,52.13282163835069,49.131882258665016,49.850555419921875,3050600.0
2022-03-10,CEG,49.1124561092565,50.15161595434447,47.84992583720792,49.84083938598633,2692700.0
2022-03-11,CEG,49.93795493929264,50.34585149472705,46.89817144323457,47.89848327636719,3034100.0
2022-03-14,CEG,50.36528958695798,50.36528958695798,47.18953721390693,49.48151779174805,2916600.0
2022-03-15,CEG,49.86026850682,50.10306295733923,48.46177380553896,49.811710357666016,2117400.0
2022-03-16,CEG,50.21960580282792,50.88972089128121,48.89880333226726,50.27787780761719,2989800.0
2022-03-17,CEG,50.38469895019882,51.19077449612113,49.442655417426245,49.52035140991211,2244600.0
2022-03-18,CEG,49.19016224014434,49.92825581590375,47.471176908267516,47.59742736816406,9663900.0
2022-03-21,CEG,47.500306076199166,48.00531897704965,47.19923962432216,47.80137252807617,2452000.0
2022-03-22,CEG,48.898799551425284,50.549802511971,48.56859895931614,49.66603088378906,3841900.0
2022-03-23,CEG,49.238708994274084,50.27786881290517,49.238708994274084,49.52035140991211,2396200.0
2022-03-24,CEG,49.704873598717704,51.06452382276793,49.303775263675874,50.89942169189453,2335200.0
2022-03-25,CEG,50.73432800524016,52.268786945400336,50.53037785925596,52.24936294555664,2441200.0
2022-03-28,CEG,52.81265372331217,55.21146054822325,52.492163247232185,55.14347839355469,3127000.0
2022-03-29,CEG,55.35713495319022,55.735893704846895,53.05544458983475,54.70644760131836,2201300.0
2022-03-30,CEG,54.551051859681124,56.12436246538595,54.09460084125976,55.84272003173828,1934100.0
2022-03-31,CEG,56.658515501922615,57.377188735745015,54.17229889043503,54.628753662109375,3817600.0
2022-04-01,CEG,54.73558506558777,56.619668790027085,54.09460782286103,56.347740173339844,2156500.0
2022-04-04,CEG,56.677936991864776,57.008137592002925,55.87185763971162,56.69736099243164,1885100.0
2022-04-05,CEG,56.95957733217629,58.58144241953969,56.76534103845484,57.29948806762695,2143100.0
2022-04-06,CEG,57.202380572954795,58.348370806982395,56.687653759696815,57.8822021484375,2559400.0
2022-04-07,CEG,58.037582097693154,59.309826314324475,57.63939935886186,59.15443801879883,3925800.0
2022-04-08,CEG,59.455500122564516,63.02943436354301,59.14472355419673,62.1747932434082,4762100.0
2022-04-11,CEG,62.33019067542178,62.7983005620378,58.66884997331078,58.931068420410156,3487700.0
2022-04-12,CEG,59.241845460180315,61.38814749672899,59.12530516217861,60.086769104003906,2553000.0
2022-04-13,CEG,60.25186557504754,62.68952368390469,59.97022315207618,62.349605560302734,3405700.0
2022-04-14,CEG,62.27191810957624,62.85462326001124,60.38880160489173,60.74716567993164,1860100.0
2022-04-18,CEG,60.49466959525257,62.32048129879923,60.49466959525257,61.48527145385742,1216800.0
2022-04-19,CEG,61.79602936616046,64.96206659120222,61.06764619396773,64.7872543334961,2078800.0
2022-04-20,CEG,65.86527672259265,66.70049020589096,63.189684606950024,63.524742126464844,2182800.0
2022-04-21,CEG,63.12655445722463,64.38908851016843,60.35869932061521,60.86370849609375,2493700.0
2022-04-22,CEG,60.69860882396972,62.59823373052036,60.49466238746096,60.6306266784668,2030500.0
2022-04-25,CEG,60.562644945540754,61.02880981991465,57.72680399549649,60.47523880004883,2261600.0
2022-04-26,CEG,60.01878822408237,60.42668483283866,58.183262746552444,58.222110748291016,2136500.0
2022-04-27,CEG,58.2803743762836,59.42636440250057,58.0084457954013,58.358070373535156,1991600.0
2022-04-28,CEG,58.48433133906778,59.581759642646304,57.10525686497204,59.54291534423828,3354600.0
2022-04-29,CEG,59.72742718412199,60.07705174088642,57.44516112321361,57.5034294128418,2578400.0
2022-05-02,CEG,57.590850546749586,58.26096568993975,55.26002573603321,56.52255630493164,2488200.0
2022-05-03,CEG,56.7653519036371,58.70770780313024,56.7653519036371,57.97932434082031,2224200.0
2022-05-04,CEG,58.38721421336161,60.49952540139128,58.118197520577986,60.028507232666016,2628900.0
2022-05-05,CEG,59.455505703012875,60.203313048570536,57.464588262557776,58.426055908203125,1946800.0
2022-05-06,CEG,58.5231688383941,59.46521242939719,57.00813393875918,58.53288269042969,2861000.0
2022-05-09,CEG,58.82423404017291,58.82423404017291,54.93952317099326,55.959259033203125,2193700.0
2022-05-10,CEG,56.57110504635485,58.144411994863624,55.09977131902498,55.39598083496094,2156200.0
2022-05-11,CEG,55.46395282333371,57.328612020062344,54.900668042187455,55.71645736694336,1877000.0
2022-05-12,CEG,55.79532698956782,56.32105223982535,51.67712419826949,52.05681610107422,3785600.0
2022-05-13,CEG,53.08880720520638,54.4235747268991,52.2125958345179,53.16669464111328,2317500.0
2022-05-16,CEG,52.981702883464244,55.62008166420962,52.90381917753766,55.09435272216797,1631900.0
2022-05-17,CEG,55.347480785302864,57.90797220992615,54.50047550019902,57.752201080322266,2215100.0
2022-05-18,CEG,57.84956528781653,58.6624995897279,55.42537648900331,55.7661247253418,4609100.0
2022-05-19,CEG,55.62009360645173,55.99004778832025,53.46849959587567,55.71744918823242,2181100.0
2022-05-20,CEG,55.990042389452164,57.38224861516063,54.02343308719643,55.152774810791016,2266200.0
2022-05-23,CEG,55.9803105001904,56.067932004311,54.38365528188358,55.104095458984375,1581800.0
2022-05-24,CEG,55.05542183808293,55.84401543485768,53.614537660942375,55.27934265136719,1682300.0
2022-05-25,CEG,55.37668946736881,57.77167193629878,55.37668946736881,57.606163024902344,1974700.0
2022-05-26,CEG,57.6159027993854,61.37680465109483,57.60616501456166,60.81895065307617,3260100.0
2022-05-27,CEG,60.75080458244352,64.87874168746129,60.36137487191266,64.83979797363281,2793800.0
2022-05-31,CEG,63.80781564993166,64.63534914370359,59.74802446721477,60.43926239013672,7389300.0
2022-06-01,CEG,60.73133826474949,62.230634245124996,60.50741746062767,61.9677734375,2008600.0
2022-06-02,CEG,62.006705128781576,62.42534446368569,60.34190042965073,62.065120697021484,1758500.0
2022-06-03,CEG,61.58808141285664,64.0804237647154,61.45178210782672,63.447601318359375,1793500.0
2022-06-06,CEG,63.837033009523886,65.17082759490954,63.6569247998305,64.63536071777344,2033200.0
2022-06-07,CEG,63.78832351794436,64.93713678220438,63.43881807497737,64.79110717773438,2721700.0
2022-06-08,CEG,64.68402727671956,64.71323320367627,61.46150754089091,63.05815887451172,1922200.0
2022-06-09,CEG,62.56164789512734,62.75635904109807,59.54357685217919,59.592254638671875,1811000.0
2022-06-10,CEG,58.26819731893496,59.44622053502246,57.64511274632368,58.20978546142578,1540800.0
2022-06-13,CEG,56.729953537539934,57.43092548668324,53.741092396653585,54.01369094848633,2113200.0
2022-06-14,CEG,54.54916389735243,54.987271445207455,51.91078825142619,53.00118637084961,2330400.0
2022-06-15,CEG,54.22788158474331,57.980995692862386,54.20840972764469,56.661808013916016,3891700.0
2022-06-16,CEG,54.841227223745825,56.807836335988675,54.59783460240247,56.72021484375,4837000.0
2022-06-17,CEG,57.00254912634971,57.92744179697589,54.01855703296323,56.5644416809082,6478700.0
2022-06-21,CEG,56.564451412131156,59.32939211540942,56.564451412131156,58.78419494628906,4363600.0
2022-06-22,CEG,57.71326072503116,58.832868337445824,57.309231771361496,57.645111083984375,3233400.0
2022-06-23,CEG,58.297413677466814,59.61173261711181,56.26265079657129,57.09992218017578,2667600.0
2022-06-24,CEG,57.28488337557279,58.745238998287384,56.44761222432953,57.713253021240234,6473700.0
2022-06-27,CEG,57.5574931597457,58.288644149709285,56.87599299309101,57.84956359863281,1718900.0
2022-06-28,CEG,58.258457692052986,59.3001778089058,56.301582660676914,56.54497528076172,1401700.0
2022-06-29,CEG,56.42814868234001,56.61799464414749,54.831493560535144,55.79533004760742,1412200.0
2022-06-30,CEG,55.39616840087901,57.2790520915595,55.05541646393475,55.74665069580078,2424400.0
2022-07-01,CEG,55.22092399287369,56.554714635676305,55.12356470741697,56.07766342163086,1531900.0
2022-07-05,CEG,55.63955836616706,55.85374136153103,51.49214574726343,53.48796463012695,2696000.0
2022-07-06,CEG,53.67294372136909,55.707706253459456,53.11800882296961,55.25986099243164,1716600.0
2022-07-07,CEG,56.048460361880544,58.31688169179621,56.048460361880544,57.547760009765625,1872100.0
2022-07-08,CEG,57.382244627515206,58.229253646757996,55.9024170039393,58.073482513427734,2096000.0
2022-07-11,CEG,58.07348013118268,58.55052758261646,56.86625111198755,58.25845718383789,1774700.0
2022-07-12,CEG,57.839831941647205,59.494902782947214,57.362780690907655,57.664588928222656,1808400.0
2022-07-13,CEG,56.61312230967825,58.686824663294956,56.61312230967825,58.238983154296875,1577200.0
2022-07-14,CEG,56.749433558496875,57.41146189152528,55.581148046453976,56.38920974731445,2608600.0
2022-07-15,CEG,53.507430461081256,55.148871024198634,51.24874733865726,54.18893051147461,5186100.0
2022-07-18,CEG,54.841232134899975,55.17224256424806,53.14721770454173,53.36140441894531,2583100.0
2022-07-19,CEG,53.974756475504144,54.033172052556814,52.73832128196955,53.54638671875,2326200.0
2022-07-20,CEG,53.702156660266844,53.88226856669037,51.95946431339259,52.64096450805664,2803600.0
2022-07-21,CEG,52.43651764178275,53.40521943261234,51.90105450828346,52.72858810424805,1816800.0
2022-07-22,CEG,53.34193277341169,54.130522563431036,52.00813840972411,52.572811126708984,1503100.0
2022-07-25,CEG,52.55333992847771,53.60479794685701,51.959461275194265,53.50743865966797,1847700.0
2022-07-26,CEG,53.93580940956363,55.17224072733567,53.43928635431882,54.033164978027344,1993500.0
2022-07-27,CEG,53.57558503567264,54.286291076353095,52.74805157136882,54.06237030029297,1557200.0
2022-07-28,CEG,60.92605151724458,64.19724941265062,60.5463558537001,62.8829231262207,8460600.0
2022-07-29,CEG,62.162485709820075,64.83980504869666,61.95803676072734,64.35301971435547,3895200.0
2022-08-01,CEG,64.30434331942745,64.83980271124682,62.43508205784979,63.57416534423828,2735200.0
2022-08-02,CEG,63.57416245141285,65.02478054967636,63.27235051786169,64.09988403320312,1722900.0
2022-08-03,CEG,64.8690006455962,65.5991785307784,63.80781235111976,65.39472961425781,2286700.0
2022-08-04,CEG,63.778618361370015,66.56303114556708,63.778618361370015,65.67707824707031,2425900.0
2022-08-05,CEG,67.9162848171115,73.97189493081385,67.90654703167277,72.33629608154297,4216800.0
2022-08-08,CEG,74.97467142307617,75.57828042068164,72.98858657563166,73.88426971435547,3183600.0
2022-08-09,CEG,73.74797118765046,74.74100990770803,73.03726139842239,73.71876525878906,2945700.0
2022-08-10,CEG,74.04005154319722,75.15965185816522,73.50458470996975,75.08177185058594,2134600.0
2022-08-11,CEG,75.0817695190033,77.94406211497072,74.653396065724,76.74657440185547,2540200.0
2022-08-12,CEG,77.68385058889905,79.66373908664514,77.08890777200166,79.4881820678711,2170800.0
2022-08-15,CEG,78.26904074265957,80.39522806608404,78.26904074265957,79.19558715820312,1980100.0
2022-08-16,CEG,79.0980503918566,80.08312069235646,78.90299035501424,79.3906478881836,1878800.0
2022-08-17,CEG,78.4348406915518,79.43941408133136,77.14742502214415,77.73261260986328,2502200.0
2022-08-18,CEG,77.45951403181549,80.11724586774234,77.45951403181549,79.58570098876953,1939600.0
2022-08-19,CEG,78.3275589428105,79.27361584853745,77.87891485741649,78.84447479248047,1704000.0
2022-08-22,CEG,78.75669832569994,78.75669832569994,77.5570574176923,77.68385314941406,1724600.0
2022-08-23,CEG,78.28854028073425,78.89323832520772,77.63508094560142,77.78137969970703,1065800.0
2022-08-24,CEG,77.69360504735336,78.82009280612245,77.35223880682379,78.38607788085938,1430200.0
2022-08-25,CEG,78.03497207260908,80.78536066847097,77.7960171672625,80.69757843017578,1551700.0
2022-08-26,CEG,80.69756466166844,81.17547439082126,78.61039106267437,78.834716796875,1641000.0
2022-08-29,CEG,77.68385247596508,79.96608633440302,77.1961949054205,79.00052642822266,1191200.0
2022-08-30,CEG,79.56620717654077,79.56620717654077,77.03038941964708,77.72286224365234,1802800.0
2022-08-31,CEG,78.27878727325167,80.35620563177486,77.60581751382922,79.5759506225586,3016500.0
2022-09-01,CEG,79.57595833530887,80.8926397211111,79.15657997045697,80.48300170898438,2421100.0
2022-09-02,CEG,80.54152989514428,81.62413034755356,78.96151661407185,79.06880187988281,2232200.0
2022-09-06,CEG,79.68324199808427,80.65855711405133,79.07855138846553,80.22942352294922,2013300.0
2022-09-07,CEG,80.56102493314391,82.3751115955443,79.66763595367307,80.85362243652344,1759100.0
2022-09-08,CEG,80.82436118668703,83.82832589716425,80.82436118668703,83.67227935791016,2184400.0
2022-09-09,CEG,84.36475270378813,85.64241305145667,83.32603978357808,85.34982299804688,1905300.0
2022-09-12,CEG,86.37389932320227,86.47143678204253,85.30105424552994,85.95451354980469,1733800.0
2022-09-13,CEG,84.75487917368146,85.85698249932422,83.6527684069754,84.24771118164062,1974200.0
2022-09-14,CEG,84.2477284996613,86.34465777247321,84.13069543210472,85.87651062011719,3600300.0
2022-09-15,CEG,85.71068322309866,86.08130770138636,84.17943890460607,84.6573486328125,3631800.0
2022-09-16,CEG,84.47203883213083,84.71586759970053,82.7974200586223,83.45771026611328,6245600.0
2022-09-19,CEG,83.2919052799773,87.48575545590833,83.1456065368611,87.1541519165039,4407400.0
2022-09-20,CEG,86.22760430580148,87.95390861344781,85.3985805877211,85.58389282226562,4626000.0
2022-09-21,CEG,86.5982314730239,87.86613668012926,85.0767422480719,85.12550354003906,2155100.0
2022-09-22,CEG,85.82772025945661,85.82772025945661,82.54090602073794,83.27239227294922,1863300.0
2022-09-23,CEG,81.71676858326066,82.25806124984713,80.12700041501492,81.78015899658203,2678800.0
2022-09-26,CEG,81.60462486237249,82.85302718691784,79.63449133914902,80.87313842773438,1973300.0
2022-09-27,CEG,81.62413734119392,83.3065546940144,81.02919443110846,81.89722442626953,1777800.0
2022-09-28,CEG,82.03373955870849,83.41868497684901,81.12669637394218,82.92127227783203,1564300.0
2022-09-29,CEG,82.95055893271436,84.08192067076004,80.04411642584489,80.99017333984375,1823700.0
2022-09-30,CEG,81.22423413116859,82.36535092512173,80.19040258530299,81.13645935058594,3267800.0
2022-10-03,CEG,82.93104075092447,84.76463787884094,81.79967911807674,84.45252990722656,2026700.0
2022-10-04,CEG,86.12031490372944,87.25655029665099,85.00845643222932,87.13463592529297,1679100.0
2022-10-05,CEG,85.5156279596454,87.26144287532605,83.47721553858625,85.9935302734375,1766700.0
2022-10-06,CEG,86.0520457164219,87.68959299361252,83.82832126612662,84.15017700195312,1677300.0
2022-10-07,CEG,83.59426234568566,83.63327584542172,81.31202841910742,82.30684661865234,2017200.0
2022-10-10,CEG,82.85302622275786,83.51624088008785,81.85820795729524,82.62870788574219,982800.0
2022-10-11,CEG,82.3263679920361,83.2139010451143,80.51228093991159,80.8341293334961,1534200.0
2022-10-12,CEG,81.05845111416943,81.5265982677009,79.66375000745447,80.13190460205078,1878400.0
2022-10-13,CEG,78.57137872404789,82.23856542715222,77.34248710802194,81.75090789794922,2746500.0
2022-10-14,CEG,82.13128109224718,82.66770735678378,78.71767834972121,79.25410461425781,1693300.0
2022-10-17,CEG,81.16572519761156,84.15994230806344,81.0876982024248,83.08709716796875,1678900.0
2022-10-18,CEG,84.36476411272596,85.24254927378801,82.42388896403526,84.37451934814453,1598900.0
2022-10-19,CEG,82.98954264626873,84.10140849649422,82.47262693126191,83.57473754882812,1325800.0
2022-10-20,CEG,84.23796635037678,84.58908037534547,82.10202393866112,82.47264099121094,2076500.0
2022-10-21,CEG,82.60918871333848,85.30106056146151,81.59486752407976,85.12550354003906,1749200.0
2022-10-24,CEG,85.40640891319232,85.54490201566773,83.4577279190775,85.4181137084961,1325000.0
2022-10-25,CEG,85.3400732231452,86.37390487190801,84.60858688123253,85.97402954101562,1647200.0
2022-10-26,CEG,87.46624780077316,87.46624780077316,85.17425908345095,86.58846282958984,1370100.0
2022-10-27,CEG,87.58815701822961,90.84083139575654,87.58815701822961,90.74330139160156,3345800.0
2022-10-28,CEG,90.59703454957157,92.90072873382519,89.5534475116022,91.43580627441406,1958000.0
2022-10-31,CEG,91.81616366733682,93.06456581494547,91.07004820503847,92.20629119873047,2276600.0
2022-11-01,CEG,92.88902229566104,93.86433754533722,91.68450736702577,93.162109375,1467400.0
2022-11-02,CEG,92.34283869806114,93.91309668481937,90.68480591951516,90.79208374023438,1966100.0
2022-11-03,CEG,89.88503940828672,93.09381940423012,89.88503940828672,92.07949829101562,1484400.0
2022-11-04,CEG,92.74271147760174,93.83506709418293,90.45560376458043,91.9917221069336,1974300.0
2022-11-07,CEG,92.71343687974056,92.71343687974056,90.6652769704373,91.19194793701172,2120300.0
2022-11-08,CEG,87.34921488429961,90.80671244667603,83.95512262338389,85.37908172607422,4345400.0
2022-11-09,CEG,84.8524201688878,87.70033869214907,84.19896078792536,85.19377899169922,2241500.0
2022-11-10,CEG,88.26600488845799,93.47418326265249,86.02277747840358,92.79146575927734,4885600.0
2022-11-11,CEG,92.93778405248727,93.50346864065716,89.34375000857824,90.03134155273438,3133200.0
2022-11-14,CEG,89.86625424177934,92.52317077697127,89.86625424177934,91.7417221069336,1997000.0
2022-11-15,CEG,92.31803625119528,92.55246785617767,90.50117454457751,91.33145904541016,2537200.0
2022-11-16,CEG,92.12268055903475,92.32780916763794,89.16295606677178,89.55368041992188,1384600.0
2022-11-17,CEG,88.33267085043214,89.33878102228813,86.8088540815976,87.96148681640625,1792500.0
2022-11-18,CEG,88.02985405115899,91.27285315988186,87.93803245946819,91.13610076904297,2515700.0
2022-11-21,CEG,91.88823572199036,92.03475826491939,90.60862091546541,91.22400665283203,1744800.0
2022-11-22,CEG,92.36688443460719,94.12514033727503,91.90778386821907,94.03722381591797,1567600.0
2022-11-23,CEG,93.80279213322288,95.6196540809301,92.22525062706353,94.37911224365234,1135900.0
2022-11-25,CEG,94.3595686250257,95.1898532069813,93.77348582908334,94.90658569335938,631700.0
2022-11-28,CEG,93.84187081719551,94.34980730058287,92.191064204403,92.61109161376953,1590100.0
2022-11-29,CEG,92.493870625148,92.90412783604275,91.15564215824236,92.23989868164062,1436200.0
2022-11-30,CEG,91.95661995359212,94.69168281920442,91.58543593784411,93.89070129394531,3361800.0
2022-12-01,CEG,94.7502817715378,95.512190061433,91.70264115951079,92.27896118164062,1748600.0
2022-12-02,CEG,90.83328290394039,91.32168641502021,88.92851219170755,89.90531921386719,1848700.0
2022-12-05,CEG,88.89923915568328,89.48532207615276,87.71730315454269,87.97126770019531,2397000.0
2022-12-06,CEG,87.7759072217511,88.77224741872614,87.71730116676683,88.67456817626953,1237500.0
2022-12-07,CEG,88.77224364908632,91.03843625911081,88.48896864127724,89.83696746826172,1237200.0
2022-12-08,CEG,90.18860061666017,90.82840806969692,88.82106919701127,89.2899398803711,1002400.0
2022-12-09,CEG,89.2411081407247,89.72951175031604,87.60984187327708,87.63914489746094,1384600.0
2022-12-12,CEG,87.89311157324804,88.81130523637434,87.00421348009543,88.77223205566406,1554100.0
2022-12-13,CEG,89.84672898368729,90.5597940619406,88.29360166994613,88.73316192626953,1629900.0
2022-12-14,CEG,89.41691917814417,90.14952447323799,87.79541588116223,88.742919921875,2561600.0
2022-12-15,CEG,88.70385492154894,88.74292810184913,87.35586373720452,87.61959838867188,2245100.0
2022-12-16,CEG,86.105567791401,86.54512810974558,83.9370543223442,86.15440368652344,3911700.0
2022-12-19,CEG,86.3302005748612,86.61347550111608,84.9822095884084,85.69528198242188,1238100.0
2022-12-20,CEG,85.95903339158487,86.07625293818177,85.10432709365718,85.52923583984375,1306600.0
2022-12-21,CEG,85.94924420914418,88.07868372675455,84.69893246530799,87.57074737548828,1409500.0
2022-12-22,CEG,87.06281372993573,87.30213415118902,84.52311677239048,85.3045654296875,1548300.0
2022-12-23,CEG,85.4901412331284,86.18368072779408,85.10918711771802,85.99808502197266,600700.0
2022-12-27,CEG,86.38883248102121,86.84793306447153,85.24596237558936,85.60738372802734,634400.0
2022-12-28,CEG,85.91018291250782,86.29113709173515,84.41566921670109,84.60126495361328,752000.0
2022-12-29,CEG,85.13851474522116,85.6562213421718,84.27891968391704,84.75755310058594,870800.0
2022-12-30,CEG,84.59149495141267,84.59149495141267,83.1458245897481,84.21054077148438,1343300.0
2023-01-03,CEG,84.00542244917804,84.12264200059299,78.91625763463205,80.01028442382812,4030600.0
2023-01-04,CEG,80.04934177928021,81.79782744625065,79.40465294507406,81.4754867553711,2612200.0
2023-01-05,CEG,80.99684639118978,81.97365353276933,79.98585487492741,80.4986801147461,1906300.0
2023-01-06,CEG,81.68061981409716,83.18490377921209,81.15314303782718,81.56340026855469,1914100.0
2023-01-09,CEG,81.90528863631091,83.23374712842147,81.64155395075795,82.05181121826172,1301500.0
2023-01-10,CEG,81.46570752812453,81.55361658336507,79.68791903739148,81.15312957763672,1376700.0
2023-01-11,CEG,81.07499184087465,82.41810164546744,80.52798223251443,82.15924835205078,1696200.0
2023-01-12,CEG,81.93456556429095,82.83323363620164,80.85030923664131,82.38389587402344,1496700.0
2023-01-13,CEG,81.86621030366263,83.71726414944237,81.51455911006984,83.18490600585938,1366200.0
2023-01-17,CEG,81.98342625760381,83.04814249808503,81.07499528939583,81.43641662597656,2763600.0
2023-01-18,CEG,81.38756779483217,82.5499706360552,79.8735137991626,79.95166015625,2084900.0
2023-01-19,CEG,79.70746342505304,79.89305917177185,78.88206017563165,78.965087890625,1635500.0
2023-01-20,CEG,79.23860210988597,81.17267617696744,78.5841356272871,81.07499694824219,1795100.0
2023-01-23,CEG,81.00660958169462,82.33506777617433,80.64323574655322,82.18854522705078,1596200.0
2023-01-24,CEG,82.05180677802254,82.27647571851554,81.05546668908067,81.96389770507812,1176000.0
2023-01-25,CEG,81.48526162631657,81.62201404951759,80.57683055651088,81.46572875976562,1535200.0
2023-01-26,CEG,81.69039010302309,84.073802249825,81.34850904568219,83.8882064819336,2161100.0
2023-01-27,CEG,83.88819857592493,84.65011444219722,82.87231820667598,84.57196807861328,1455100.0
2023-01-30,CEG,83.92726458736618,84.83569549218701,80.34238430426173,80.48890686035156,3045800.0
2023-01-31,CEG,80.95777911536427,83.51701669582509,80.46937550895595,83.38026428222656,2509000.0
2023-02-01,CEG,83.47306220202717,83.87843808984469,80.95289780309892,83.42910766601562,2623400.0
2023-02-02,CEG,83.49747470483541,84.66964025112519,81.81247648492953,83.3509521484375,2389600.0
2023-02-03,CEG,82.42298026927315,83.18489606598023,81.1238324924315,81.27034759521484,1807200.0
2023-02-06,CEG,81.08476244938836,81.90527686648763,80.59635888136823,81.32896423339844,1502000.0
2023-02-07,CEG,81.39735242829624,84.26916076373658,80.42054514832854,83.93704986572266,2032900.0
2023-02-08,CEG,82.78439030695966,83.02859204827813,82.18853746194695,82.38389587402344,2005900.0
2023-02-09,CEG,82.96022508598497,83.47793164277026,81.9834180120666,82.46205139160156,1975000.0
2023-02-10,CEG,82.25693362351028,84.98222661262255,82.21786044111882,84.796630859375,1350300.0
2023-02-13,CEG,84.87477903891089,85.27527357765089,83.94681515772686,84.3863754272461,1173500.0
2023-02-14,CEG,83.92727346607444,85.57026241376595,83.1751351954995,84.06402587890625,2383100.0
2023-02-15,CEG,82.54020915238148,84.47917205825156,82.40345673933074,84.01519012451172,2030600.0
2023-02-16,CEG,83.02860377086157,85.88087872357923,82.95534621910127,83.64398956298828,3037600.0
2023-02-17,CEG,83.22397668792581,84.04449867261054,80.00051715813424,82.58905792236328,3570700.0
2023-02-21,CEG,79.71722004128802,81.08475133478088,78.04688096191276,78.5059814453125,5056000.0
2023-02-22,CEG,77.47057902016672,77.47057902016672,74.62807385637254,75.99560546875,3341000.0
2023-02-23,CEG,76.190954053749,77.602440019852,76.190954053749,77.38265991210938,1584900.0
2023-02-24,CEG,76.19847179780994,77.84537068299866,75.95339760346086,77.70812225341797,1529100.0
2023-02-27,CEG,77.85516617095176,78.5217682608075,76.4582477881921,76.82585906982422,1326200.0
2023-02-28,CEG,76.2768936482751,76.45334737614229,72.93408536027121,73.4144287109375,3584800.0
2023-03-01,CEG,72.66939668587482,73.90457270712524,71.39501537550477,72.88506317138672,2594400.0
2023-03-02,CEG,72.6693896830476,75.2181670163149,72.54195380801227,74.67900085449219,1949900.0
2023-03-03,CEG,74.72801249706791,77.63948709281622,74.50254099012304,77.423828125,2304600.0
2023-03-06,CEG,76.81604258865251,77.32579353261139,75.82594092317267,77.24737548828125,2295000.0
2023-03-07,CEG,77.51204987287076,77.51204987287076,75.79653086691327,76.36510467529297,2203900.0
2023-03-08,CEG,76.21807413050847,76.90427888024806,75.58087973199552,76.53176879882812,1261600.0
2023-03-09,CEG,76.50236145390654,78.61000102245647,75.87497211430157,77.09053802490234,3110500.0
2023-03-10,CEG,77.62968897522931,78.20806037054355,75.71810614664918,76.02200317382812,2895700.0
2023-03-13,CEG,75.41421533093065,77.05621507516737,74.98288244739088,75.58086395263672,2242400.0
2023-03-14,CEG,75.97298055762424,77.54145349912915,75.64948090995073,76.3945083618164,2142800.0
2023-03-15,CEG,75.76712268898416,76.34549407453851,74.84564152114446,75.80633544921875,1957000.0
2023-03-16,CEG,75.11034680899436,77.48266337426259,74.53196778246206,76.88468170166016,1962900.0
2023-03-17,CEG,76.18866401724961,76.91408151249793,74.4878485708316,75.25737762451172,3896500.0
2023-03-20,CEG,75.5416645323011,76.88467376107688,75.39462600428273,75.48284912109375,1629500.0
2023-03-21,CEG,76.05142588454204,76.57098198058816,74.47314747255048,75.0123062133789,2045700.0
2023-03-22,CEG,74.76722942768671,74.8260523181369,72.93407930169779,72.95368194580078,1863400.0
2023-03-23,CEG,73.19875467818483,73.64969027430362,71.33618940442769,71.95378112792969,1655400.0
2023-03-24,CEG,71.13032274521933,72.07140663456916,69.75791341433622,71.99298858642578,2777200.0
2023-03-27,CEG,71.99298906674534,73.93887853417203,71.99298906674534,73.78692626953125,3225500.0
2023-03-28,CEG,73.59088379214052,75.29659820684384,73.37913632317736,74.022216796875,1752200.0
2023-03-29,CEG,74.78684348933912,75.0515203335564,73.93888885465543,74.38491821289062,2299500.0
2023-03-30,CEG,75.17896821506523,75.91419085643075,74.50256099170609,75.30640411376953,1737800.0
2023-03-31,CEG,75.3063940509255,77.05132102328174,75.21817093570479,76.95329284667969,2984400.0
2023-04-03,CEG,76.46315859909505,77.00232488853791,74.97311059410943,75.1103515625,1894900.0
2023-04-04,CEG,75.15935784066656,75.45344988786698,73.63990220765491,74.52216339111328,1316200.0
2023-04-05,CEG,74.38491201389571,75.60048532497147,74.18885566259725,74.9926986694336,1204800.0
2023-04-06,CEG,75.10053167993011,75.46324415571608,74.65940115130344,75.44363403320312,1223000.0
2023-04-10,CEG,75.02209520266548,75.84554820945334,74.36529829664195,75.80633544921875,1485500.0
2023-04-11,CEG,76.22787416706655,76.27688451506216,75.65440148993227,75.89456939697266,1371500.0
2023-04-12,CEG,76.39452779021337,76.4141304348748,75.14955417976452,75.29659271240234,1171100.0
2023-04-13,CEG,75.17896373242863,76.06122486620418,74.66920520986348,75.6200942993164,1324700.0
2023-04-14,CEG,74.81624665564267,75.12504252104645,74.01240363060555,74.92407989501953,1328400.0
2023-04-17,CEG,75.07113573100962,75.31130367637468,73.18896754482745,73.56147766113281,1093300.0
2023-04-18,CEG,73.85555289434998,74.45353450482621,72.70860750208726,73.01250457763672,1235200.0
2023-04-19,CEG,73.49284236684417,73.91437023307624,73.03504101094326,73.27717590332031,1039300.0
2023-04-20,CEG,73.26738574169,75.06133080318536,73.21837538578544,74.96330261230469,1926900.0
2023-04-21,CEG,75.30638669879467,75.44852641913005,74.4633309999973,75.04170989990234,1178900.0
2023-04-24,CEG,74.92407228436005,75.81123954442226,74.11042428046385,75.76712799072266,1094300.0
2023-04-25,CEG,75.12993578702338,75.62008411939127,74.34569546360676,75.41422271728516,1722400.0
2023-04-26,CEG,75.00251273516398,75.45344838054395,73.97319806959644,74.36531829833984,3100600.0
2023-04-27,CEG,74.76722438405996,75.71811335892811,74.48294492885516,75.2377700805664,1865700.0
2023-04-28,CEG,75.38482111041536,75.94358995533996,74.79664455982167,75.87496948242188,2233400.0
2023-05-01,CEG,75.99259349755607,76.12003684946637,75.24757342377714,75.5318603515625,1788300.0
2023-05-02,CEG,75.21817738266334,75.8749744491688,74.45353958986097,75.27699279785156,2554000.0
2023-05-03,CEG,75.6789097753069,76.07102999012078,74.6496026253754,75.00251007080078,1607000.0
2023-05-04,CEG,75.46324078116548,78.78644588681975,73.4340269778981,77.04151153564453,3830400.0
2023-05-05,CEG,77.56108495123863,78.86487400177774,76.73763175603766,77.92378997802734,2359300.0
2023-05-08,CEG,78.16886126176443,78.27669450329488,76.54157253524538,77.1591567993164,2360100.0
2023-05-09,CEG,76.4435428854658,77.54147044492419,76.27688675598752,77.39442443847656,3158300.0
2023-05-10,CEG,78.2766868515644,78.54137113820042,77.1934632299018,77.88947296142578,1629400.0
2023-05-11,CEG,77.30609466918851,78.26037062298812,76.97160270850675,77.83734130859375,2497400.0
2023-05-12,CEG,78.16197179367447,79.08673513078378,77.58154034129039,78.55548858642578,1991000.0
2023-05-15,CEG,79.32286104124836,79.77540283338118,77.89637077269296,78.96869659423828,2048300.0
2023-05-16,CEG,78.88999466233757,78.88999466233757,77.0601476271065,77.71928405761719,3709100.0
2023-05-17,CEG,77.8078183365473,79.32285332228116,77.43398145917514,79.08674621582031,2329500.0
2023-05-18,CEG,78.96869752128393,80.14924819374663,78.27217510141539,80.08038330078125,2849300.0
2023-05-19,CEG,80.40503827350524,81.88563727989605,80.20827606795969,80.9657974243164,2444800.0
2023-05-22,CEG,81.38882363990481,82.59887925799302,80.97562677707701,82.17584991455078,1908300.0
2023-05-23,CEG,82.0085977768727,83.18914079920143,81.81675934810156,82.67757415771484,2232200.0
2023-05-24,CEG,82.67758047680186,83.00223245975388,81.21173781913825,81.95941162109375,2430300.0
2023-05-25,CEG,81.85119483570689,81.85119483570689,80.57227437291435,81.40849304199219,1863100.0
2023-05-26,CEG,81.60524295038367,82.58903132835435,80.97561898893922,82.49065399169922,2267100.0
2023-05-30,CEG,82.50048070177358,83.66626734025286,81.78723574365632,82.34307098388672,2198200.0
2023-05-31,CEG,82.17585132039609,83.17931978280309,81.11335795045123,82.65790557861328,5214700.0
2023-06-01,CEG,83.49903998427767,87.71654335347273,83.41541887142927,87.4391098022461,3646900.0
2023-06-02,CEG,87.22269547517016,87.60637240494391,85.8552225006326,86.120849609375,3225600.0
2023-06-05,CEG,86.39629585069814,87.37024425228111,85.76667188344149,86.09132385253906,1819000.0
2023-06-06,CEG,85.72731034945782,88.43272812673881,85.72731034945782,88.0982437133789,2311500.0
2023-06-07,CEG,88.09825398391423,89.4066868480345,87.68505715269275,89.33782196044922,2452100.0
2023-06-08,CEG,90.00679907853545,90.96894852203147,89.58376976412563,90.80367279052734,3075700.0
2023-06-09,CEG,90.80367001851184,92.2498326250251,90.59706785472888,91.77761840820312,2530100.0
2023-06-12,CEG,91.49230712890625,92.4957678400663,91.37424983700738,92.23014831542969,1720700.0
2023-06-13,CEG,92.436746394988,93.78453904803378,92.07274202733679,92.7220458984375,2429900.0
2023-06-14,CEG,92.99751196838783,93.45989369600791,91.26604236252628,91.68907165527344,2573200.0
2023-06-15,CEG,92.20064179903972,92.23015424748544,91.45296058034154,91.94485473632812,3712300.0
2023-06-16,CEG,92.07274304337321,92.98766645911482,91.23652449270182,91.38409423828125,4963400.0
2023-06-20,CEG,91.62019813290699,91.84647273566627,90.40030278969333,90.4986801147461,1846900.0
2023-06-21,CEG,89.40667374822111,89.55916723226152,87.73915295928552,89.0328369140625,2684900.0
2023-06-22,CEG,89.03284362451035,89.21484206324178,86.44055928036386,87.80310821533203,3205600.0
2023-06-23,CEG,88.18678987809945,89.22960316019994,87.67522322245856,88.8951187133789,2875900.0
2023-06-26,CEG,88.78690680782267,89.72150282456832,88.23598768264293,89.1607437133789,1890400.0
2023-06-27,CEG,89.49523932662376,89.53950800690278,88.52129083193323,89.37718200683594,1472800.0
2023-06-28,CEG,89.42634798601725,89.42634798601725,88.25563763790896,89.08202362060547,1605400.0
2023-06-29,CEG,89.04269377659217,89.86415622303568,88.67868935185675,89.39685821533203,1738700.0
2023-06-30,CEG,90.55771291979606,90.79382000212158,89.56408466918415,90.0658187866211,2667100.0
2023-07-03,CEG,89.53456642693205,90.25272761168718,88.8655901488856,90.11499786376953,1089100.0
2023-07-05,CEG,89.93793426937053,91.69891641668256,89.86906938118335,90.6462631225586,2087300.0
2023-07-06,CEG,89.98712386363596,89.98712386363596,88.3933839940544,89.52474212646484,2263300.0
2023-07-07,CEG,89.52474378082813,90.22323263931206,89.19025932988221,89.84939575195312,1334000.0
2023-07-10,CEG,89.89856940619842,92.1120930135914,89.89856940619842,92.08258056640625,1539300.0
2023-07-11,CEG,92.31868712977705,92.89912610874931,91.35457883384923,92.83026123046875,1260900.0
2023-07-12,CEG,93.40087026414152,94.60109327664156,92.55481166535327,94.5027084350586,1532600.0
2023-07-13,CEG,94.29610866869649,94.51254329931642,93.34183280044088,93.72550964355469,1462400.0
2023-07-14,CEG,93.35167495512378,93.98622263743738,93.16376952082226,93.45989227294922,1259900.0
2023-07-17,CEG,92.93848847474558,95.34876697792261,92.93848847474558,94.62076568603516,1951400.0
2023-07-18,CEG,94.44368227832578,95.0831462115605,92.36788824445998,93.82389831542969,1925300.0
2023-07-19,CEG,93.2926369625767,93.99112568505373,92.40722607996202,93.19425964355469,1785300.0
2023-07-20,CEG,93.9517792970248,95.74227363889682,93.69599224655485,95.31924438476562,1600300.0
2023-07-21,CEG,95.99805896101596,96.55881796167917,94.74864368390283,95.03394317626953,5081100.0
2023-07-24,CEG,95.03395664441977,95.24055130492061,94.20757800241644,94.98477172851562,1077800.0
2023-07-25,CEG,94.39449365520092,96.56867261679712,94.34530873879487,95.93904113769531,854800.0
2023-07-26,CEG,95.10282643895911,96.6473739853979,95.10282643895911,95.761962890625,1243000.0
2023-07-27,CEG,96.14564908815547,96.16532155475902,93.65665799017685,93.87309265136719,897900.0
2023-07-28,CEG,94.6994632148351,95.09298003329766,93.71567492153326,94.1878890991211,1135900.0
2023-07-31,CEG,94.28627147746285,95.12249757612652,93.85340970910725,95.08314514160156,1170200.0
2023-08-01,CEG,94.67979053098918,95.5160091434975,94.51254830962944,94.73882293701172,1469600.0
2023-08-02,CEG,94.43383831750309,94.4682745112912,92.89913094691833,94.0009765625,2040300.0
2023-08-03,CEG,94.41415985535795,101.89488206949609,94.20756522288228,99.5003433227539,3511000.0
2023-08-04,CEG,100.26770252164988,103.00755656139586,100.13981274370131,102.25495910644531,2723600.0
2023-08-07,CEG,102.88458505332335,102.95344993599454,101.10884682261329,102.06803894042969,1759800.0
2023-08-08,CEG,101.29084814663415,103.22891240721374,101.29084814663415,103.11085510253906,1207300.0
2023-08-09,CEG,102.92393642685332,104.183184271703,102.61699044888842,103.40599060058594,1646700.0
2023-08-10,CEG,104.2520505982837,105.11778162718697,103.40599203348103,104.006103515625,1563700.0
2023-08-11,CEG,104.00807658750375,105.26773473587201,103.56418328807428,105.11286163330078,1414100.0
2023-08-14,CEG,105.01422280672541,106.13874047470962,104.27736578841484,105.54689025878906,2404000.0
2023-08-15,CEG,104.94517513074588,105.13752664161318,104.18563538997817,104.79721069335938,1709600.0
2023-08-16,CEG,104.95504747135219,105.00436393612887,103.5740585192717,103.67269897460938,1835200.0
2023-08-17,CEG,104.04754016619007,104.70350256140365,103.14989473984035,103.39649963378906,1800600.0
2023-08-18,CEG,103.1104522311155,104.10673825653677,103.09072714804117,103.3471908569336,1669000.0
2023-08-21,CEG,103.17947272739215,105.01026999186706,102.8638188051499,104.6689682006836,1377000.0
2023-08-22,CEG,104.22509768705963,105.09807360728065,104.07713324312556,104.81694793701172,1276900.0
2023-08-23,CEG,105.49756801186204,107.77620229312795,105.49756801186204,106.96733856201172,1393500.0
2023-08-24,CEG,107.42109350615182,108.7527584307594,105.38906405875589,105.46797943115234,1498700.0
2023-08-25,CEG,105.36933893519182,105.98092178233648,104.13631446369511,104.43224334716797,1383800.0
2023-08-28,CEG,104.86133340428334,105.89214005576787,103.80093536962266,103.93903350830078,1088000.0
2023-08-29,CEG,103.80093231915713,104.72816157649193,103.37677161260112,104.10671997070312,1131500.0
2023-08-30,CEG,103.90942392976766,104.8248225877139,103.66281906090934,104.30399322509766,1167400.0
2023-08-31,CEG,104.51114482311729,104.64924295344422,102.36074997487613,102.7454605102539,2035500.0
2023-09-01,CEG,104.19550185295896,105.95133509993069,103.77134111491382,105.83296203613281,1338800.0
2023-09-05,CEG,105.1030120491856,105.28056787933004,103.72300897312128,104.60980224609375,1433200.0
2023-09-06,CEG,104.88600004564681,106.32617178836863,104.55061346129546,105.19178771972656,1337800.0
2023-09-07,CEG,106.39520582637734,109.44817532430255,105.72444027824297,107.06597137451172,1951100.0
2023-09-08,CEG,106.7601837425937,108.17076390148964,106.7601837425937,107.16461181640625,1428100.0
2023-09-11,CEG,107.32244436931678,108.8977564276919,107.17447993949234,108.48641967773438,1820700.0
2023-09-12,CEG,108.0523892945448,108.5998523996409,106.68126683777857,107.0265121459961,1557100.0
2023-09-13,CEG,107.30271306599877,108.59492021551472,107.03638310971225,107.78605651855469,1894600.0
2023-09-14,CEG,108.269409541517,111.0905699947285,108.03760035028648,110.9327392578125,2308300.0
2023-09-15,CEG,110.93275137616403,111.14976490023832,108.30887905746437,108.4371109008789,4287700.0
2023-09-18,CEG,108.93031158984171,110.72559487611122,108.9105865101174,109.23609924316406,1358500.0
2023-09-19,CEG,109.58133693103645,109.86739948466237,108.80207216089757,109.03881072998047,1972100.0
2023-09-20,CEG,109.42352281883,109.6701277104684,108.41737817229023,108.63438415527344,924500.0
2023-09-21,CEG,108.14117289961202,109.13745875548592,108.02280736973896,108.44696807861328,1443800.0
2023-09-22,CEG,107.9734879493208,109.23610382660488,107.13996218754603,108.86126708984375,1210500.0
2023-09-25,CEG,108.22995928087076,111.38649897786279,108.00801637692018,110.68614196777344,2115200.0
2023-09-26,CEG,110.14359495952124,110.19784080233278,106.46424724799003,107.01663970947266,2309700.0
2023-09-27,CEG,107.50000477591308,109.77863150496407,107.50000477591308,109.24596405029297,2819500.0
2023-09-28,CEG,109.26568583367798,109.47284055350988,107.35696648968879,107.83538055419922,1550700.0
2023-09-29,CEG,108.5456253446859,109.206524741477,107.16463625121347,107.59866333007812,2867500.0
2023-10-02,CEG,106.82924153294874,106.82924153294874,101.36447625852135,103.30772399902344,2892500.0
2023-10-03,CEG,101.80835300756534,103.49512940499675,101.01428502997088,103.46553802490234,2557000.0
2023-10-04,CEG,103.21893798073852,105.1523193370318,102.8095729768048,104.71829986572266,1973900.0
2023-10-05,CEG,105.52716829318697,107.02652271947893,105.16219034513783,106.4149398803711,1589200.0
2023-10-06,CEG,105.10300193996831,109.07827136640613,103.70228051431823,108.67383575439453,2095800.0
2023-10-09,CEG,108.67384197849576,109.97295787382825,108.4765610752491,109.8674087524414,1258400.0
2023-10-10,CEG,109.45311155499152,111.94875179389923,109.45311155499152,111.46540832519531,1464400.0
2023-10-11,CEG,112.36305852551887,113.6138363315086,111.77120075396635,113.5073013305664,1353300.0
2023-10-12,CEG,113.34947061491553,114.58249501447322,112.90557731560455,114.14846801757812,1299700.0
2023-10-13,CEG,115.18420838680028,115.79579122156721,111.45554366458342,112.14604187011719,1699400.0
2023-10-16,CEG,113.21137113486597,115.52946315312849,113.05354791651982,115.24340057373047,1701700.0
2023-10-17,CEG,114.47399907415841,116.38764800543035,114.1386124924032,115.5590591430664,1214600.0
2023-10-18,CEG,115.73661179347123,117.033748431101,114.23724980880563,114.49372100830078,1050700.0
2023-10-19,CEG,114.42466869142568,115.02638522367607,112.5603363294643,112.7378921508789,981000.0
2023-10-20,CEG,112.560334474853,113.23110006405801,110.40007327086637,110.57762908935547,1654400.0
2023-10-23,CEG,110.3113052430838,111.4950057481441,108.8997390418254,110.5875015258789,950800.0
2023-10-24,CEG,111.72188417548459,113.73418102965816,111.72188417548459,112.7181625366211,1930900.0
2023-10-25,CEG,112.67871063529141,112.7181607953464,110.1534714220802,110.50858306884766,1575000.0
2023-10-26,CEG,110.47899330979538,111.49500427628678,109.63067186624671,111.18921661376953,1652700.0
2023-10-27,CEG,111.46540333313224,111.82051495466331,108.40059572358844,109.27555084228516,1128700.0
2023-10-30,CEG,110.34087855550843,111.69227589018116,109.99069634488377,111.49498748779297,1271600.0
2023-10-31,CEG,111.58377064379832,111.96847362637553,109.66024820512911,111.38648223876953,1942000.0
2023-11-01,CEG,112.04738492389556,113.81307669308629,111.29771153897718,113.29027557373047,2751300.0
2023-11-02,CEG,113.34946786665503,116.2988600516669,112.82665921226024,115.59850311279297,1894600.0
2023-11-03,CEG,117.03867770647031,117.05840278555132,115.26311955783095,115.48013305664062,1853200.0
2023-11-06,CEG,117.37405646631932,123.91796620487207,116.45668601255757,123.0361099243164,2530800.0
2023-11-07,CEG,122.75004021534617,123.27678483631367,117.04853693116377,118.24210357666016,2271500.0
2023-11-08,CEG,118.78463607868538,119.83024588113743,117.34939387951864,119.53431701660156,1730200.0
2023-11-09,CEG,119.93875266157221,122.6662097135728,118.88328401603621,118.99179077148438,1603200.0
2023-11-10,CEG,119.80065615197412,121.05834263392732,119.72766357079767,120.1163101196289,1219700.0
2023-11-13,CEG,119.73159953124761,120.57597741622371,119.2679886750097,120.06698608398438,891600.0
2023-11-14,CEG,122.36533855503745,124.98921043807483,121.70443178896922,124.80178833007812,1433300.0
2023-11-15,CEG,124.86098241761908,125.51201537578332,120.03739165303698,120.33331298828125,1982200.0
2023-11-16,CEG,121.61071770988987,122.43134468854907,120.13754933916454,120.29573822021484,1474500.0
2023-11-17,CEG,120.8197553900296,122.12484576831434,120.226533862304,120.31552124023438,1487900.0
2023-11-20,CEG,121.0669351715127,121.46241871589007,120.1078975711657,120.89885711669922,1041600.0
2023-11-21,CEG,121.51185321952234,121.78868942903534,120.47370989062759,121.12625885009766,984700.0
2023-11-22,CEG,121.5118572534762,122.44123491009181,120.5973020265541,121.85790252685547,1376700.0
2023-11-24,CEG,121.67993586291922,122.89604645001586,121.66016508001658,122.46101379394531,532500.0
2023-11-27,CEG,122.53022851332742,123.96384795151216,121.97655604780309,123.68701171875,1073200.0
2023-11-28,CEG,123.56836206057478,125.07119043692614,122.36214067711357,123.04434204101562,2003000.0
2023-11-29,CEG,122.15451090553043,122.54010526829222,118.40731789272404,119.21805572509766,2078800.0
2023-11-30,CEG,119.22794499808062,120.48360470570698,119.15379513248986,119.67286682128906,2650000.0
2023-12-01,CEG,119.25761769982337,119.57400304554074,118.29857249908652,118.52597045898438,1454900.0
2023-12-04,CEG,117.65591859977384,118.19970947613723,116.7166516786611,117.57682037353516,1946900.0
2023-12-05,CEG,117.36424422747322,117.59659053640264,114.57609606354164,116.97370147705078,1805900.0
2023-12-06,CEG,117.99205922384422,118.31833370673876,110.95248396558743,111.35784912109375,2629800.0
2023-12-07,CEG,111.98073078313618,112.15869798545467,108.21375959126483,109.28156280517578,3497000.0
2023-12-08,CEG,108.74766656896921,110.34937146893947,108.41151047199942,109.95388793945312,2627300.0
2023-12-11,CEG,110.29005475660318,114.9864038893844,109.4199894580264,114.83809661865234,2582900.0
2023-12-12,CEG,114.84798153528439,115.08526863374978,112.56406775418465,113.19683837890625,1846200.0
2023-12-13,CEG,113.29571549473674,115.4313221636499,112.24769048678198,115.11493682861328,1731100.0
2023-12-14,CEG,115.3225657638608,116.47934895562895,114.06691356773342,114.2943115234375,2456400.0
2023-12-15,CEG,114.36350863113607,119.50477929604877,114.30418874336308,117.40872192382812,6046800.0
2023-12-18,CEG,118.21946798521257,120.16721823055964,117.56692654455823,118.0118408203125,2019800.0
2023-12-19,CEG,118.41720327736205,119.68275210714162,117.9080207682111,119.4454574584961,1012700.0
2023-12-20,CEG,118.47652525620417,118.76819142894495,115.67848821799424,115.6883773803711,1324300.0
2023-12-21,CEG,116.16296357245284,117.09234880817054,115.49064378255055,116.97370147705078,904600.0
2023-12-22,CEG,113.70108452109457,116.64742898683242,112.73215022094098,114.02735900878906,1188400.0
2023-12-26,CEG,114.28441839177998,116.50900485711594,114.28441839177998,116.24205780029297,740700.0
2023-12-27,CEG,115.9553318906877,116.42991365348786,115.55984834555777,116.09375,541300.0
2023-12-28,CEG,117.36918097759765,117.43839003255144,115.62905789747532,115.7872543334961,559700.0
2023-12-29,CEG,115.41155139947637,115.94544552357165,114.6205842901432,115.56974029541016,849900.0
2024-01-02,CEG,115.0852774722848,115.90590453222686,113.6714288490095,113.9482650756836,1362800.0
2024-01-03,CEG,114.19543575170545,115.84261876280466,114.19543575170545,114.5414810180664,1372400.0
2024-01-04,CEG,114.89742761520422,115.7862756203194,113.70109525724935,114.0570297241211,1348900.0
2024-01-05,CEG,113.80985175937602,116.33302926293581,113.80985175937602,114.92708587646484,1729900.0
2024-01-08,CEG,114.87764413555621,115.836689257353,113.73074263721995,115.7081527709961,1351700.0
2024-01-09,CEG,115.12482464186162,115.60928803037572,113.8691649364691,115.17425537109375,1514000.0
2024-01-10,CEG,114.70955906983872,115.11493176987659,113.66647491773715,114.5414810180664,1090500.0
2024-01-11,CEG,113.70108700793413,113.98781239340157,110.22084835940431,111.63469696044922,1609300.0
2024-01-12,CEG,112.65306201108314,113.12763623699927,111.46661135985016,111.63469696044922,1556900.0
2024-01-16,CEG,111.100791480063,111.56053571706802,110.04287735642903,110.54711151123047,1417000.0
2024-01-17,CEG,109.97367475046559,110.73497438031278,108.2038916654508,110.65587615966797,1484500.0
2024-01-18,CEG,110.11209273542725,110.63610524594496,109.00474027736728,110.15164184570312,1614900.0
2024-01-19,CEG,110.19117993886364,113.31549166316695,110.19117993886364,113.15729522705078,1684200.0
2024-01-22,CEG,113.16718463712047,116.04926090361948,113.03865568991148,115.88612365722656,1876700.0
2024-01-23,CEG,116.40026258536669,119.19829247405697,115.83670094212131,117.34941864013672,1929400.0
2024-01-24,CEG,117.79432568478342,118.17003090937425,114.0372432659898,114.36351776123047,1514600.0
2024-01-25,CEG,116.56832283936745,119.2279342017471,115.71803592255593,119.18839263916016,1425800.0
2024-01-26,CEG,118.71381785456975,121.02739164866743,118.71381785456975,119.90026092529297,1558800.0
2024-01-29,CEG,119.7222944088324,120.3669305428333,118.64955030318325,119.64320373535156,1801500.0
2024-01-30,CEG,119.95958133044347,120.92850802134474,119.33669234307202,120.50336456298828,1285500.0
2024-01-31,CEG,121.39319796580821,122.77738646615953,119.99417949400338,120.62200927734375,1666100.0
2024-02-01,CEG,120.62202371861228,126.2576398422753,120.62202371861228,126.18843078613281,1937400.0
2024-02-02,CEG,125.57544095784075,131.56699918860275,125.00199017076868,128.2449493408203,3781700.0
2024-02-05,CEG,126.4553833639583,126.96950669517366,124.42853489863701,125.59520721435547,1878000.0
2024-02-06,CEG,126.31695905683117,130.00976547170606,125.75339748114536,129.53024291992188,2656900.0
2024-02-07,CEG,130.46950868789352,132.2887221311957,129.33248897099972,131.00340270996094,2087600.0
2024-02-08,CEG,131.05286239433488,132.45682180852162,128.69973945790403,129.2435302734375,1228700.0
2024-02-09,CEG,128.551459567742,131.01332596075926,128.53168123873152,130.6771697998047,1245300.0
2024-02-12,CEG,130.33110566537573,130.6969217026578,126.51469606280139,127.05847930908203,1206900.0
2024-02-13,CEG,126.46527099609375,127.35509953768609,125.29859869449851,126.46527099609375,1503700.0
2024-02-14,CEG,126.85086637754024,127.97304122634213,126.2477556676932,127.21668243408203,1372300.0
2024-02-15,CEG,128.45256881403273,130.13336451950806,127.37488384194806,130.0147247314453,1348900.0
2024-02-16,CEG,129.77741980302702,131.16161592885072,129.01612777458791,129.67855834960938,1295700.0
2024-02-20,CEG,129.52037320357573,130.56839823704095,127.92855732639468,130.31134033203125,2121200.0
2024-02-21,CEG,130.7957793765999,131.08349289711623,128.6700696357477,129.91583251953125,983400.0
2024-02-22,CEG,130.90456870803652,132.54582303930246,130.163039772561,131.88339233398438,1529900.0
2024-02-23,CEG,131.9822709039747,132.6348049114361,129.86644224597538,132.47662353515625,2052200.0
2024-02-26,CEG,133.1588025867158,133.67293348979334,131.42856857127651,131.71530151367188,1494700.0
2024-02-27,CEG,133.47518933154333,154.90042717164832,133.47518933154333,154.00070190429688,4888300.0
2024-02-28,CEG,156.68996901597336,169.04878189773896,154.73233727970532,168.90048217773438,8227500.0
2024-02-29,CEG,169.24653935977383,169.37112320806528,161.5247545966221,166.54737854003906,4536900.0
2024-03-01,CEG,165.15328484127102,168.38635457755163,163.18577144795978,168.06997680664062,4557600.0
2024-03-04,CEG,171.00643733782593,175.03540752302158,167.70415090371338,174.00221252441406,3818200.0
2024-03-05,CEG,175.38638401227888,183.483880591524,173.43863390354835,174.7733917236328,4323800.0
2024-03-06,CEG,174.77339357623413,178.76775528680085,173.0332630561744,177.94712829589844,2073600.0
2024-03-07,CEG,180.05027812579792,180.3474755558259,174.56209473111696,177.90057373046875,1967800.0
2024-03-08,CEG,177.90058744653408,178.1482494713038,166.88458542192473,168.974853515625,3196900.0
2024-03-11,CEG,168.7172710100866,169.36120132763344,164.84383341413115,166.3397216796875,2601700.0
2024-03-12,CEG,165.01227082469097,167.47897506218175,162.6644244128411,166.79542541503906,2617000.0
2024-03-13,CEG,169.63858708526757,169.7079245923091,164.88347315403337,166.29019165039062,1639000.0
2024-03-14,CEG,166.2802829447089,166.81522624611713,161.74311301523394,163.1002960205078,3012300.0
2024-03-15,CEG,162.64458134928464,166.8152160794664,161.14870831139845,163.97206115722656,4532000.0
2024-03-18,CEG,166.12179276421818,169.48008942996472,164.6358205206827,167.2610321044922,2006800.0
2024-03-19,CEG,167.4195243817584,172.3826657870229,166.68643936575003,170.79763793945312,1922200.0
2024-03-20,CEG,171.30288601795152,175.1168876586096,171.0364044318201,174.06680297851562,1969200.0
2024-03-21,CEG,175.8004163433767,176.14713410451432,170.75800608734812,172.50155639648438,2212100.0
2024-03-22,CEG,173.3633998984859,176.70187881938259,172.58573759107995,176.57310485839844,1608400.0
2024-03-25,CEG,178.31665875044644,187.2820271163953,177.86095397144882,185.50875854492188,3570600.0
2024-03-26,CEG,188.12405591374375,196.970550732006,182.7547453747299,183.67605590820312,4228700.0
2024-03-27,CEG,186.32108891909445,188.34200431020196,180.6347636135014,183.16091918945312,2452100.0
2024-03-28,CEG,183.299616775364,185.08278637898727,181.62047610584946,183.12130737304688,2050800.0
2024-04-01,CEG,184.29025808265348,187.04425849047962,181.68484883794784,184.24072265625,1977500.0
2024-04-02,CEG,182.95783097172367,186.6083665830015,182.39811241017335,186.37062072753906,1875500.0
2024-04-03,CEG,186.71734526459073,191.4031215509836,185.1224012564543,188.48069763183594,2555800.0
2024-04-04,CEG,191.63094795267222,193.67168037591068,181.24896133945043,181.39755249023438,3747800.0
2024-04-05,CEG,180.61496960939556,193.0277891454545,179.7233772459814,191.2743377685547,4331400.0
2024-04-08,CEG,193.0426455028626,195.79168790622236,186.3508128176521,190.1846160888672,1663500.0
2024-04-09,CEG,190.79882827238265,193.01787032075427,183.31943216606027,186.34091186523438,1958600.0
2024-04-10,CEG,181.78394511563437,192.01734285896322,180.79329691336932,189.29306030273438,3861900.0
2024-04-11,CEG,189.77845585430052,192.46310362827413,188.22313114647235,191.07620239257812,2267300.0
2024-04-12,CEG,190.16481411146296,191.44274349718202,188.5698700810472,189.8775177001953,1801900.0
2024-04-15,CEG,192.2748874207595,194.16702893260734,183.05195596503512,183.66615295410156,2531500.0
2024-04-16,CEG,183.29961961163153,186.5142679094546,181.39757704369913,184.9044647216797,2982700.0
2024-04-17,CEG,186.16259041574042,187.27211145820635,180.92206858185344,183.66615295410156,3282900.0
2024-04-18,CEG,184.38932398277927,186.5073299698163,181.3777454849818,182.1405487060547,1654200.0
2024-04-19,CEG,181.58578576200946,184.22091313283426,175.98861535861795,179.20822143554688,3442500.0
2024-04-22,CEG,179.90170093628254,182.13065916041336,176.54340448323575,181.5065460205078,2327500.0
2024-04-23,CEG,182.24952935970637,187.97547408024155,182.24952935970637,186.489501953125,2387300.0
2024-04-24,CEG,184.98371367514562,192.5522644806367,181.92955298930482,184.41905212402344,2266400.0
2024-04-25,CEG,183.8642891247785,188.7471943424711,183.6711054940538,186.25173950195312,2908900.0
2024-04-26,CEG,185.1669883374239,187.60894746306386,183.8940169801872,186.60838317871094,1826600.0
2024-04-29,CEG,186.66780586071937,188.63920093315286,184.39922846447806,186.84613037109375,2205500.0
2024-04-30,CEG,186.84612398517186,187.62872927126782,183.97325076855927,184.2010955810547,2173200.0
2024-05-01,CEG,184.50821263655277,186.4449315280915,182.20000069943708,182.83401489257812,2717000.0
2024-05-02,CEG,183.2699005170843,185.42950614312971,181.8829992082561,184.43885803222656,3071000.0
2024-05-03,CEG,187.5594064298594,195.4251547558467,186.24184264403195,193.03768920898438,3480200.0
2024-05-06,CEG,195.90067068437716,197.04982616050134,192.3046130806829,195.85113525390625,2708000.0
2024-05-07,CEG,196.84176595706947,203.1621053996245,195.5044001494038,198.6843719482422,2797300.0
2024-05-08,CEG,196.68325711146798,206.3222735174137,196.25728570587393,206.05479431152344,3992100.0
2024-05-09,CEG,203.50883547069435,213.93045789665695,201.1015678015033,213.89083862304688,4313500.0
2024-05-10,CEG,218.45771712218897,218.45771712218897,209.8787011887557,212.91998291015625,2744700.0
2024-05-13,CEG,214.9706275270874,216.6299660392817,210.6018659849657,211.59251403808594,1919300.0
2024-05-14,CEG,212.56336746818303,215.87212845377908,208.798901711091,215.70372009277344,1951000.0
2024-05-15,CEG,218.0812510342533,222.61842070730157,217.70479995551867,221.2216033935547,2682200.0
2024-05-16,CEG,221.63769171851993,222.69769242468612,214.2177472397171,214.31680297851562,3539800.0
2024-05-17,CEG,214.3366260158007,215.67598722067027,207.94694871963463,211.1170196533203,3057300.0
2024-05-20,CEG,211.94914919772438,213.22709365883193,209.175331609334,213.05868530273438,2326200.0
2024-05-21,CEG,213.91064169697333,220.58761548008576,213.48467026029812,220.50836181640625,1881100.0
2024-05-22,CEG,220.0229392624924,222.30637577562575,215.8225860636714,218.05154418945312,1573700.0
2024-05-23,CEG,221.6872290059296,225.91730059485178,218.67566545478277,219.09173583984375,2658300.0
2024-05-24,CEG,221.22163851022998,234.09016356899104,219.5672578945738,228.4731903076172,2672000.0
2024-05-28,CEG,230.56346228222282,232.5843779133221,219.74558599742778,229.10720825195312,2602200.0
2024-05-29,CEG,225.00261905482213,227.0861664393601,217.17445723910774,219.0099639892578,3809400.0
2024-05-30,CEG,220.58749191826334,223.5242844599705,218.27575146108532,223.19688415527344,2037800.0
2024-05-31,CEG,222.3039421583681,222.72064861946419,206.36981376762083,215.5473175048828,5618300.0
2024-06-03,CEG,213.81102396617598,215.49769722948474,202.45076609186856,206.6277618408203,4922600.0
2024-06-04,CEG,205.3677291653751,206.86588914745855,195.29727032239916,201.5478973388672,4666700.0
2024-06-05,CEG,202.88731399014202,211.18179305135402,202.84761901240324,207.6893768310547,4502200.0
2024-06-06,CEG,207.85804600592547,208.16561396199182,194.6722128990642,201.0121307373047,4842100.0
2024-06-07,CEG,200.49619052261045,202.4011406176018,195.97193215460624,196.4481658935547,4558700.0
2024-06-10,CEG,197.96618542539852,213.08674760552947,196.57914719495542,212.94784545898438,5719100.0
2024-06-11,CEG,209.50502824625173,217.83918683703928,208.80058623988674,216.59898376464844,3701900.0
2024-06-12,CEG,219.53579978897463,220.0318810371104,210.48726752832357,216.42041015625,3137900.0
2024-06-13,CEG,218.58331015042148,218.63292130149028,212.4418220723695,218.20628356933594,2238200.0
2024-06-14,CEG,217.0851563037647,217.1545998058301,209.306605998949,213.21571350097656,2373800.0
2024-06-17,CEG,212.1937831162997,213.03712727347377,207.0742362647798,210.35829162597656,3321100.0
2024-06-18,CEG,211.12223759567905,219.46632729610434,207.47605276336375,218.68252563476562,2714700.0
2024-06-20,CEG,222.06580190853686,225.98484047141673,217.57129218149856,220.567626953125,3075100.0
2024-06-21,CEG,221.25223666854885,222.81985522936165,214.049142395729,216.42041015625,5511600.0
2024-06-24,CEG,216.29141363038428,219.1190826624238,213.66317324710988,214.40631103515625,2474100.0
2024-06-25,CEG,214.80317781083684,220.71647287740774,212.50135358087562,220.62716674804688,2221900.0
2024-06-26,CEG,218.8412785399511,220.45849303640716,205.82409692053122,208.66168212890625,4237000.0
2024-06-27,CEG,205.96299227686762,206.29040769080808,199.68260236771232,203.17501831054688,4733600.0
2024-06-28,CEG,203.64134318788837,205.6752792414778,197.87688176644923,198.70037841796875,10579100.0
2024-07-01,CEG,206.55830641068314,211.91597767638075,201.54788292488942,203.4429168701172,4168400.0
2024-07-02,CEG,201.8653972396278,210.14002919760753,201.50821811932371,204.5343017578125,1905300.0
2024-07-03,CEG,203.700880787526,210.76507295459305,200.42674150430503,208.423583984375,1612700.0
2024-07-05,CEG,208.35411975401925,211.09248273496084,206.43925344404732,209.63400268554688,1601600.0
2024-07-08,CEG,210.1697873356862,214.73372582044033,209.59433126037402,214.03921508789062,1634400.0
2024-07-09,CEG,215.33893240640265,220.6271601041908,213.37445498598825,214.2674102783203,1773200.0
2024-07-10,CEG,216.46999655500616,218.23605964799066,212.06480798414734,217.8292694091797,2584300.0
2024-07-11,CEG,217.83918601617663,218.81448340421983,213.5034409359794,215.1405029296875,2438200.0
2024-07-12,CEG,214.56504831790113,219.4068059710447,210.64304234291447,215.4381561279297,1760700.0
2024-07-15,CEG,215.29925231361887,217.92847675854392,209.9792777247754,211.2115478515625,2164300.0
2024-07-16,CEG,212.46166499012367,213.32484147120041,202.4606657455477,203.2742462158203,4049600.0
2024-07-17,CEG,200.54582549593806,201.46852942095828,184.31404521463264,185.2069854736328,6748700.0
2024-07-18,CEG,188.8779578553435,191.32860028026676,176.6743720195006,185.8121795654297,5484900.0
2024-07-19,CEG,186.54639371049177,188.45134385520333,184.93908019839293,187.8163604736328,2827000.0
2024-07-22,CEG,190.73332480730625,195.27743088252,187.131770081018,188.92758178710938,1868800.0
2024-07-23,CEG,188.18345224941368,190.65592546347406,186.82419452174952,188.3818817138672,1856600.0
2024-07-24,CEG,186.81426737886235,186.81426737886235,173.33078285992462,173.7078094482422,4910100.0
2024-07-25,CEG,175.3151010520939,175.4540031888644,164.5699799530717,169.09423828125,5542000.0
2024-07-26,CEG,175.1563497326123,175.68220975158098,170.09633039419415,173.66810607910156,3469300.0
2024-07-29,CEG,174.67021232191652,175.76158199570216,169.78679137095762,171.3266143798828,2100100.0
2024-07-30,CEG,172.11044048859173,173.6582116598682,164.45094431451142,167.36790466308594,3517100.0
2024-07-31,CEG,191.76516010553527,194.95992445532838,181.56573117213787,188.31243896484375,7483700.0
2024-08-01,CEG,186.81624900835513,192.7473926548418,175.23571730509613,176.17828369140625,4482100.0
2024-08-02,CEG,173.10258788270977,173.95584821509348,160.17272883518928,165.7705078125,6099200.0
2024-08-05,CEG,155.01546209969135,171.4059743936007,154.3804787558498,168.63784790039062,5430800.0
2024-08-06,CEG,172.2790972479947,182.38923562469978,167.0702440820698,179.62109375,6322100.0
2024-08-07,CEG,188.60017046082788,188.60017046082788,175.51354435344396,178.25192260742188,6154900.0
2024-08-08,CEG,181.8137749753247,186.15945149458526,175.03730340101401,185.56414794921875,3338800.0
2024-08-09,CEG,185.61375510762608,188.61008998022655,181.63518908726152,188.3818817138672,3204000.0
2024-08-12,CEG,188.86201429860847,189.68704491800068,182.59974447522762,186.2080078125,2232300.0
2024-08-13,CEG,188.20593994041116,189.70690546674132,185.94954707976007,188.27552795410156,2349000.0
2024-08-14,CEG,187.82823169813497,188.75265418743302,181.1186607893964,185.03504943847656,2327900.0
2024-08-15,CEG,185.28355682944294,191.42654979535075,184.37901877385497,189.24966430664062,4241900.0
2024-08-16,CEG,190.07469583399785,190.2138567022883,184.71697965372027,188.8421173095703,2572300.0
2024-08-19,CEG,188.4743393560894,191.72475807324443,184.4485936300566,191.62535095214844,2025100.0
2024-08-20,CEG,191.8440252064441,192.3410304530929,188.50316346149938,189.5776824951172,2507000.0
2024-08-21,CEG,190.3331253381239,196.14809280090566,189.83612009061764,195.56163024902344,2404200.0
2024-08-22,CEG,194.39863016424468,197.61722737264427,193.54378057416616,193.78233337402344,1520300.0
2024-08-23,CEG,193.8419823266025,196.14809396911647,191.36690588641414,193.82211303710938,2683300.0
2024-08-26,CEG,194.32904902644478,196.8041405842821,191.9235454826244,193.7227020263672,1953400.0
2024-08-27,CEG,193.72271205421708,197.11229160990223,192.41062603848556,194.96522521972656,1703200.0
2024-08-28,CEG,196.00893490059954,196.26737217294584,191.25756587602362,192.6094207763672,2493200.0
2024-08-29,CEG,194.7366025460689,197.9174331428221,191.15815864509858,193.27540588378906,2463800.0
2024-08-30,CEG,194.0904882721138,196.62521812633247,193.98114650844485,195.52186584472656,2239400.0
2024-09-03,CEG,194.32906289508446,194.62726909413183,176.1187823040537,176.71519470214844,4252300.0
2024-09-04,CEG,176.61577147959144,181.65541179862285,174.9458411849938,176.4567413330078,3310400.0
2024-09-05,CEG,176.9040558410156,178.6733933770601,174.06118510882104,175.01544189453125,2444900.0
2024-09-06,CEG,174.75697583232906,175.5820063308482,170.91016022140133,172.07315063476562,3390300.0
2024-09-09,CEG,175.29375735200915,175.29375735200915,170.01554886813767,173.872314453125,2184400.0
2024-09-10,CEG,175.79076522155492,180.11967675708848,172.81866832859635,179.17039489746094,2301800.0
2024-09-11,CEG,180.44273733709738,187.0230824488485,178.0720275908221,186.12847900390625,2846900.0
2024-09-12,CEG,185.87996073350166,190.531922523915,183.08679369685652,188.7924041748047,2154600.0
2024-09-13,CEG,190.30330138824513,196.6252085821552,188.04689337518298,194.80616760253906,2613600.0
2024-09-16,CEG,193.83205016553777,198.3349165790685,191.53588830574486,198.0565948486328,2264000.0
2024-09-17,CEG,198.80209062779116,203.4739367240651,197.062572334798,200.02471923828125,2881700.0
2024-09-18,CEG,200.75035355232035,203.72542301425568,197.2315481287389,199.13011169433594,1796000.0
2024-09-19,CEG,203.88149518203167,207.3903510494792,201.25730805688178,207.25119018554688,3432600.0
2024-09-20,CEG,233.75150937412988,253.7112417399642,231.6044430856075,253.45278930664062,15031400.0
2024-09-23,CEG,258.00534392257276,270.2217405602254,250.59996927727735,255.5799560546875,10270000.0
2024-09-24,CEG,252.55820330917547,257.88610048380866,249.58411936423585,251.97174072265625,4562700.0
2024-09-25,CEG,252.91606167681704,265.49028980854087,251.72325197998683,261.2856140136719,6246200.0
2024-09-26,CEG,262.2497984627329,268.50213351632544,252.97569308136272,255.23208618164062,4072200.0
2024-09-27,CEG,255.6396385043758,260.82837504320617,253.8106626428642,255.46072387695312,2598100.0
2024-09-30,CEG,256.20622290672844,259.55603365430835,249.7699984369719,258.4626159667969,2899300.0
2024-10-01,CEG,257.5481462996101,264.40681320681267,252.43893254584353,264.0191345214844,3179800.0
2024-10-02,CEG,263.3233107034912,268.1044985185808,260.0828269446936,263.7904968261719,3233600.0
2024-10-03,CEG,270.5199433326362,277.83587616563324,266.39480594926096,275.70867919921875,4274200.0
2024-10-04,CEG,276.24546991879527,284.28701146301074,273.9493080222237,283.80987548828125,3829200.0
2024-10-07,CEG,283.2930012903361,287.0235135908136,272.35888545106,276.8915710449219,3477000.0
2024-10-08,CEG,277.21963897244814,279.7145850243856,271.46430893492783,277.7166442871094,2599100.0
2024-10-09,CEG,274.39662188005616,274.39662188005616,255.95773685418783,260.7091064453125,5235800.0
2024-10-10,CEG,259.4963481054915,266.156229804129,257.4785082418107,260.7388610839844,2733500.0
2024-10-11,CEG,254.85440737014628,265.30143876645985,247.55835760733933,264.6255187988281,4477700.0
2024-10-14,CEG,265.96741960435884,271.1859751774838,263.62153884882224,270.1124267578125,2229300.0
2024-10-15,CEG,268.18400979516804,268.18400979516804,260.7687002622568,264.5558776855469,3000900.0
2024-10-16,CEG,266.6135457026348,278.5615431512099,262.5380958492091,278.1241760253906,2469300.0
2024-10-17,CEG,283.2930175739382,283.2930175739382,268.9196329655085,269.57568359375,3209900.0
2024-10-18,CEG,266.176120363505,270.94735844830916,263.41277249188744,268.5418701171875,1708800.0
2024-10-21,CEG,271.4443850995184,272.4781645555601,266.40477471275284,272.08056640625,1650900.0
2024-10-22,CEG,268.75062045160877,269.7992942738102,264.25770380480316,264.40679931640625,2134100.0
2024-10-23,CEG,263.4127526432319,266.3212219403234,261.0370532568071,264.4564514160156,2633700.0
2024-10-24,CEG,266.1860744514008,266.195993928524,260.9973385417957,262.915771484375,1553700.0
2024-10-25,CEG,267.38886014348486,268.1244183044025,261.5142536652126,262.82635498046875,2016200.0
2024-10-28,CEG,265.2915241245653,269.5657579014129,263.4227791983831,265.3809814453125,1542500.0
2024-10-29,CEG,264.6851436449145,265.6294658570041,260.1325884048318,263.4128112792969,1829700.0
2024-10-30,CEG,265.28152625125284,266.3948131541511,259.8641569095367,260.2120666503906,1831000.0
2024-10-31,CEG,260.1722852865377,262.6076230211821,257.7966160868581,261.3849792480469,2290900.0
2024-11-01,CEG,261.15638098298274,263.1841404951369,255.28177548131822,256.5541076660156,2804500.0
2024-11-04,CEG,231.1074517929972,234.0874964999978,223.33428204803906,224.5966796875,10719400.0
2024-11-05,CEG,228.97031557068706,235.4413182062321,225.64037446210727,232.34994506835938,6347400.0
2024-11-06,CEG,237.3896123641463,240.55055870646717,232.35990612330613,233.58255004882812,4790100.0
2024-11-07,CEG,241.0674430705518,246.86252640285315,236.96913647680847,240.14300537109375,4154900.0
2024-11-08,CEG,241.79306024687915,246.5146102414225,235.41151449539447,237.93629455566406,5162100.0
2024-11-11,CEG,240.54062331612647,242.44912179060984,232.88672979252223,235.84889221191406,3382100.0
2024-11-12,CEG,234.02985218942507,234.56661122623484,224.3382490838111,227.33021545410156,4460000.0
2024-11-13,CEG,229.6164348687225,231.37583777238,224.25871866181487,224.60662841796875,2979500.0
2024-11-14,CEG,226.8332074920381,230.15319913299868,223.77165313725015,224.0301055908203,2513200.0
2024-11-15,CEG,223.85387428633845,226.7410206128362,220.67800421247722,223.28639221191406,2717400.0
2024-11-18,CEG,224.9888236607664,231.01200877345144,220.20012018153707,229.2598114013672,3293200.0
2024-11-19,CEG,225.30242206380225,233.84939569968387,225.09834361782572,233.540771484375,2197500.0
2024-11-20,CEG,237.08499579737858,240.41019534286275,231.11157689072635,234.37704467773438,2567600.0
2024-11-21,CEG,236.25866129899373,251.0727444387812,233.07284105150967,250.7242889404297,3586400.0
2024-11-22,CEG,250.09710319039274,252.10814330541166,243.94447375357996,248.78294372558594,2471600.0
2024-11-25,CEG,252.3769401581819,254.4775930093552,241.92345742973652,247.82717895507812,3459600.0
2024-11-26,CEG,248.4444715801232,265.94659224484667,248.09601603865113,265.5483703613281,3881600.0
2024-11-27,CEG,263.82600722972376,264.8215770683265,249.7387000899712,252.26744079589844,2298200.0
2024-11-29,CEG,256.83709276202086,259.6336386856365,254.06939490570346,255.42337036132812,1185700.0
2024-12-02,CEG,255.86144575771982,257.29506874041573,248.40462227828706,248.4743194580078,1908400.0
2024-12-03,CEG,250.35693329647444,253.05393159600973,245.48761001772218,246.41348266601562,1784600.0
2024-12-04,CEG,251.56058211527943,256.5185309002022,249.8880320609852,253.0738525390625,2701200.0
2024-12-05,CEG,252.5959792107971,258.6092295083918,251.9787307755992,254.95547485351562,2118200.0
2024-12-06,CEG,255.31390778495512,257.42451106859704,249.3106074348698,252.5063934326172,1329700.0
2024-12-09,CEG,252.66566047961206,252.87473682804233,235.28301975432564,238.7874298095703,3262400.0
2024-12-10,CEG,236.8261494155188,238.43896763394983,229.6879157564765,231.31068420410156,2771500.0
2024-12-11,CEG,233.72993944624616,238.38720903659294,231.09167021200773,235.5518341064453,2386700.0
2024-12-12,CEG,241.88365291285288,247.03074711807326,237.86154228706704,237.9611053466797,2822000.0
2024-12-13,CEG,240.91795695651422,242.3416145708438,235.45227293209493,238.01089477539062,2004800.0
2024-12-16,CEG,238.98654555162776,242.62036942796925,236.19695688721157,238.2398681640625,1974400.0
2024-12-17,CEG,236.60713281071128,237.02527032231876,227.84611514380006,233.20228576660156,2506500.0
2024-12-18,CEG,233.28193252167543,235.94010217519147,223.7742374983504,224.7598419189453,3173700.0
2024-12-19,CEG,227.84610990508665,232.75426183221077,223.98329413735138,224.17245483398438,3626800.0
2024-12-20,CEG,220.837306892127,230.67352647849825,218.66695676419508,226.01426696777344,4985400.0
2024-12-23,CEG,225.99434860651587,228.3438939838171,220.7178255347337,227.2686767578125,1935200.0
2024-12-24,CEG,228.22938895005524,229.09056227705568,226.1496543779218,228.77197265625,978400.0
2024-12-26,CEG,227.5573932097318,229.2100275086936,226.31192835910645,227.6270751953125,920500.0
2024-12-27,CEG,227.16912619502085,227.16912619502085,221.753238849704,225.53639221191406,1466000.0
2024-12-30,CEG,222.5297841068085,227.98550280243373,221.26540610410873,225.3173828125,1587100.0
2024-12-31,CEG,225.34723684609503,226.02421703797012,221.8926083245459,222.71893310546875,1885700.0
2025-01-02,CEG,225.37709476739755,242.64027134491434,224.14059270851345,241.52523803710938,4552500.0
2025-01-03,CEG,249.39023800809682,253.0529401986509,243.26748973826616,251.2818145751953,4576600.0
2025-01-06,CEG,256.73755109684765,266.6335175788671,250.39576098740156,263.10919189453125,4116000.0
2025-01-07,CEG,262.3326422816542,264.30388142317287,248.45439684003443,254.4975128173828,3112400.0
2025-01-08,CEG,254.37804877834503,254.85593324752205,227.0397090030455,242.75975036621094,8414200.0
2025-01-10,CEG,281.23850490085715,308.6266399985761,278.88897474118426,303.83795166015625,14707200.0
2025-01-13,CEG,296.1770631080818,299.12892422136457,277.62460826359234,278.0029296875,6920600.0
2025-01-14,CEG,282.63727469502635,293.09574020388067,280.15333292927255,287.5902404785156,4852400.0
2025-01-15,CEG,295.7738407898486,303.7563251323534,291.72186424009675,299.4375305175781,4140700.0
2025-01-16,CEG,301.1299988870761,319.0900866019941,301.1299988870761,313.8434143066406,5269100.0
2025-01-17,CEG,318.7416492645931,318.7416492645931,309.66205702419165,314.9584655761719,2820000.0
2025-01-21,CEG,324.555768033225,328.8765374955117,316.91973398763145,322.20623779296875,4032300.0
2025-01-22,CEG,327.5424723231076,334.9574744329286,317.5867740762046,330.9971008300781,4576600.0
2025-01-23,CEG,331.65415295208646,350.44054911895944,331.5247240244701,344.6861572265625,4853500.0
2025-01-24,CEG,346.2094115730694,348.4494437112129,340.43511865880714,345.9007873535156,3226600.0
2025-01-27,CEG,291.16431631981646,301.32910519397393,269.241881683076,273.78167724609375,16083200.0
2025-01-28,CEG,280.3026668209395,283.110180966578,257.94217747769994,277.5648498535156,9989300.0
2025-01-29,CEG,277.7938494517233,292.88669177485514,274.83700583066155,290.5968933105469,6638500.0
2025-01-30,CEG,299.66650472387005,309.31357835304607,297.466304010206,307.18304443359375,6023100.0
2025-01-31,CEG,310.61776923002583,310.61776923002583,296.62504335984784,298.6510314941406,4719900.0
2025-02-03,CEG,284.1356049715035,307.2826020172831,282.76171383405733,304.9529724121094,3723500.0
2025-02-04,CEG,296.9057713029666,305.7295126096845,292.1997232765956,304.9728698730469,2996300.0
2025-02-05,CEG,309.15429845813566,316.9595622886282,301.5083294465161,312.4396667480469,3578600.0
2025-02-06,CEG,313.92807872189366,315.1774933768421,304.51494866753404,310.4186706542969,2480100.0
2025-02-07,CEG,313.08682772058125,318.19407569879684,307.9347353470044,308.4176025390625,2298000.0
2025-02-10,CEG,311.2450113239894,320.5734960849065,311.19026227326185,320.40423583984375,2729800.0
2025-02-11,CEG,315.90425168280626,317.7460618943859,308.06912219627515,312.1907653808594,2642900.0
2025-02-12,CEG,304.0768757021961,316.02371326212017,302.4441570345103,312.4097900390625,1766400.0
2025-02-13,CEG,314.95846675026803,316.330383165333,303.7384053506131,310.11004638671875,2707200.0
2025-02-14,CEG,309.80638747154376,316.7803588197481,304.8633870334789,315.894287109375,2193000.0
2025-02-18,CEG,322.40531917450477,328.10994504472313,314.4158776360052,324.15753173828125,3253000.0
2025-02-19,CEG,322.37547666449194,328.42655324149484,316.7206471036027,320.239990234375,3079100.0
2025-02-20,CEG,316.0834501524299,320.57347973064606,302.83241837427835,308.0492248535156,3860000.0
2025-02-21,CEG,308.62663174733626,309.0845853389921,276.53940680575533,283.17987060546875,6478000.0
2025-02-24,CEG,288.7252269116055,288.7252269116055,261.4864195459327,266.5339660644531,7221400.0
2025-02-25,CEG,263.6069876553892,266.8624901764794,247.4588432288148,263.1390686035156,5094600.0
2025-02-26,CEG,271.5416598696694,278.7097745013069,266.8624697097978,268.9432373046875,4724900.0
2025-02-27,CEG,275.16556698328276,279.3569075684514,247.68781770001203,248.6336212158203,5131000.0
2025-02-28,CEG,245.3283177516272,250.42464303561167,240.5396292595909,249.43504333496094,6029600.0
2025-03-03,CEG,248.2752100409582,248.61569018450317,228.2244341937148,231.2609100341797,5315000.0
2025-03-04,CEG,226.4921399943378,238.56840708906296,220.26982845603183,230.62374877929688,5525500.0
2025-03-05,CEG,229.62817163344954,232.50536778965056,222.43020612828872,228.3040771484375,3840200.0
2025-03-06,CEG,219.21450398049348,221.79302596708126,203.80308862372382,206.76988220214844,7710800.0
2025-03-07,CEG,207.5658551737253,215.58521141149993,202.57868916973982,211.99444580078125,4986200.0
2025-03-10,CEG,203.08737943022632,207.7055001295086,195.058038929828,201.69097900390625,7689500.0
2025-03-11,CEG,203.46641693057424,211.0967753096302,199.41184827870623,208.0446319580078,5051000.0
2025-03-12,CEG,218.85680188291602,223.7542027929975,209.46098249451683,214.79725646972656,7320400.0
2025-03-13,CEG,216.2135969746172,216.2135969746172,203.1970907941597,209.331298828125,3654300.0
2025-03-14,CEG,213.2811494210513,216.94172754920493,208.49346687259248,215.90440368652344,3829900.0
2025-03-17,CEG,216.35324387977744,221.49501092264063,213.80978611924672,217.9790496826172,3547600.0
2025-03-18,CEG,217.36065255386916,217.57509705044248,208.71290808123103,210.30880737304688,2716500.0
2025-03-19,CEG,210.57809073070393,219.80434776134572,210.57809073070393,217.4903106689453,3091900.0
2025-03-20,CEG,216.50285875605263,221.8590704369419,213.45071544695094,218.8767547607422,2250500.0
2025-03-21,CEG,215.22114407014666,222.24807440403853,212.0044311105774,221.908935546875,3733500.0
2025-03-24,CEG,227.65415834193934,230.55667737803586,226.01836850779085,228.03317260742188,2773600.0
2025-03-25,CEG,228.72141348729633,230.27940067489436,221.43017894893728,226.2876739501953,2849900.0
2025-03-26,CEG,223.4250402233689,225.51965606331223,213.45070807053995,216.4130859375,4059000.0
2025-03-27,CEG,211.41595030796796,216.99159831022803,206.98734441163597,208.66302490234375,4178300.0
2025-03-28,CEG,209.36122656585545,214.8620701594773,203.36665839914193,204.86280822753906,5572000.0
2025-03-31,CEG,198.46925021238889,203.03749601045124,195.04806170493495,201.11245727539062,4518500.0
2025-04-01,CEG,200.43419839140736,207.2267160447206,197.58153883211213,206.40882873535156,2863100.0
2025-04-02,CEG,202.30937766036394,214.7872615057757,201.7508175038404,213.90953063964844,3179100.0
2025-04-03,CEG,199.95544697928977,203.52326161288315,189.29288298784337,189.751708984375,5557500.0
2025-04-04,CEG,179.6077958673073,182.52029885908289,164.6562673664034,170.52117919921875,9358600.0
2025-04-07,CEG,161.1153819058643,189.30283836618136,160.93585123714698,179.32850646972656,7458400.0
2025-04-08,CEG,188.4550343800833,192.80384381325666,181.52287656861807,184.46530151367188,6895700.0
2025-04-09,CEG,185.65225331396442,217.34069630230243,182.1412840574569,214.89698791503906,7984300.0
2025-04-10,CEG,208.4635522092859,210.93220562592958,199.03781090690563,203.9651336669922,4048600.0
2025-04-11,CEG,203.96512590882807,207.99474944612336,197.49177879159478,207.71546936035156,2960700.0
2025-04-14,CEG,214.41822605638367,216.65248200592748,203.34671094071257,206.16944885253906,3427300.0
2025-04-15,CEG,206.06970452067145,211.45583769486126,205.82034622150297,207.88502502441406,1986000.0
2025-04-16,CEG,204.52368674079165,206.86764569820394,200.9229521737249,203.6658935546875,2433300.0
2025-04-17,CEG,207.8152172251119,208.2840120555184,203.08139697705494,206.1494903564453,1962800.0
2025-04-21,CEG,202.96769430291448,204.34414181674282,187.52342933832557,192.11561584472656,3290900.0
2025-04-22,CEG,197.04292560329307,201.90042026662124,195.347292259716,200.3643798828125,2457800.0
2025-04-23,CEG,212.70263138831777,216.78212955215326,207.7354182790557,209.26148986816406,2976100.0
2025-04-24,CEG,209.03208681163525,219.6248227170204,209.03208681163525,217.51026916503906,2336500.0
2025-04-25,CEG,217.55015420735523,223.37018358175575,215.9442861587753,222.41763305664062,2710400.0
2025-04-28,CEG,221.76930502276886,224.91122889020798,219.126112999662,224.24295043945312,2396300.0
2025-04-29,CEG,223.73423746860567,226.7764117563732,219.9340194319283,225.86874389648438,2038900.0
2025-04-30,CEG,218.9864559074878,223.30035133149732,216.1936399825887,222.86647033691406,2185200.0
2025-05-01,CEG,231.60399671636364,243.35375913865678,229.7188484898904,239.99740600585938,4557800.0
2025-05-02,CEG,243.65297384585577,249.9966494235427,240.94295266819765,246.6253204345703,3316000.0
2025-05-05,CEG,242.64558533113149,249.3583066856137,240.84023362586734,247.63275146484375,3117800.0
2025-05-06,CEG,258.16564196340045,279.1716148031593,255.46260630288498,273.1171875,7195600.0
2025-05-07,CEG,276.64806653323166,277.8050927347122,263.9806827542007,267.4317932128906,5165600.0
2025-05-08,CEG,271.05247294566306,273.2767599467311,264.38962645429444,269.89544677734375,2862300.0
2025-05-09,CEG,271.3716467832472,274.2442591504798,265.37706375911586,270.6734313964844,3245900.0
2025-05-12,CEG,285.6249745403803,291.2405286805348,282.7224705320095,284.5477600097656,4744900.0
2025-05-13,CEG,279.750103338192,295.40981745453956,278.47339000263895,290.771728515625,3651100.0
2025-05-14,CEG,290.771714879527,291.2504937726241,282.2037673626925,287.4103698730469,3129300.0
2025-05-15,CEG,283.8794658896195,287.9789324219981,282.55289304535063,283.6700134277344,2187300.0
2025-05-16,CEG,286.24489576700336,290.81939777770066,283.8577895624447,290.7694396972656,2104900.0
2025-05-19,CEG,283.00881958592856,294.01553924511154,281.6604390475136,293.66595458984375,1972700.0
2025-05-20,CEG,292.20772359800657,292.6771588862757,289.32121932141405,292.04791259765625,1481300.0
2025-05-21,CEG,287.9228585116602,291.85512933851567,284.8665457573442,286.7642517089844,2040900.0
2025-05-22,CEG,284.8465820312142,294.84453793229164,282.37955513929234,291.1190185546875,2390800.0
2025-05-23,CEG,298.28538291796855,302.2356376702328,292.7570440958192,297.13177490234375,5373300.0
2025-05-27,CEG,303.49408520333293,309.88640287746694,295.90826016281585,308.6878356933594,3611500.0
2025-05-28,CEG,309.07738519293775,312.7079873480453,306.2907362618869,307.6790466308594,2512000.0
2025-05-29,CEG,313.502054106635,314.1213026721718,299.73864816903983,303.00469970703125,2710600.0
2025-05-30,CEG,301.07702166199914,306.1309261943099,298.8996540374193,305.7813415527344,3656100.0
2025-06-02,CEG,306.5204787525132,313.5220170645954,304.2032650219084,313.0525817871094,2097100.0
2025-06-03,CEG,341.58819431926344,341.58819431926344,309.12732790003514,312.653076171875,10696100.0
2025-06-04,CEG,303.6339423026864,310.03622744117627,298.5800376751937,299.1793212890625,4966800.0
2025-06-05,CEG,298.87466045932877,301.63634560535513,289.0115514763722,289.53094482421875,4673800.0
2025-06-06,CEG,293.2264700297882,299.4090187333339,285.6556109551982,298.440185546875,3735300.0
2025-06-09,CEG,300.33292116612864,308.44813733213465,296.6523609496126,299.2991638183594,2997400.0
2025-06-10,CEG,299.63875331986947,300.1381512420693,287.36354385756636,290.6695556640625,3374300.0
2025-06-11,CEG,296.4725622316912,298.11060207575997,289.4510285428218,291.8381652832031,2751400.0
2025-06-12,CEG,289.7606573776799,300.95718111014924,288.73189884313445,300.018310546875,2084000.0
2025-06-13,CEG,297.00193655341286,299.5888447781026,293.73588490755776,296.53253173828125,1525900.0
2025-06-16,CEG,299.6387648629647,309.5867633217823,299.6387648629647,307.6391296386719,2592700.0
2025-06-17,CEG,307.4493515438837,313.16246513069194,302.33552157431603,305.3319091796875,2158100.0
2025-06-18,CEG,304.63273389025784,309.166269711134,302.8848411548219,306.0610046386719,1451500.0
2025-06-20,CEG,307.15969908959556,307.82890574802167,302.3255306356486,304.5528564453125,4194800.0
2025-06-23,CEG,305.63154271246003,315.4097630221092,304.32312253343207,314.8304443359375,2314500.0
2025-06-24,CEG,317.5571692107573,323.9194941832911,316.46848534319514,320.2738952636719,2385000.0
2025-06-25,CEG,321.6222821367474,323.25032435408644,314.4758985887389,314.76055908203125,2263900.0
2025-06-26,CEG,316.6182984532185,323.2153563073384,314.3510427465425,322.1216735839844,2192400.0
2025-06-27,CEG,327.5101562326668,328.0445156770632,317.4173130641104,319.78448486328125,3689700.0
2025-06-30,CEG,323.609865547172,324.34896474548157,317.83682657238467,322.3713684082031,1968000.0
2025-07-01,CEG,320.3387981191576,320.3387981191576,301.8860390956403,307.5492248535156,3553000.0
2025-07-02,CEG,306.51047166459625,309.94633178603175,302.6451366481888,306.2607727050781,2106500.0
2025-07-03,CEG,307.8288941421068,313.5619725854886,306.07898966423176,311.50445556640625,1465800.0
2025-07-07,CEG,309.6267247106368,320.024193543297,308.7178167965284,317.8667907714844,2002100.0
2025-07-08,CEG,320.2988419482219,320.2988419482219,307.37942017869034,312.4632873535156,1793000.0
2025-07-09,CEG,312.84284925976044,319.36998404556454,309.8764242531561,316.7281494140625,1685700.0
2025-07-10,CEG,315.87917568261685,316.97782669959,306.8650190254339,313.2423400878906,1745800.0
2025-07-11,CEG,310.4357413911772,322.61106546435093,309.37202135295985,321.15283203125,2015600.0
2025-07-14,CEG,321.6921472768427,326.1567658528729,313.50703862147884,325.5974426269531,2000100.0
2025-07-15,CEG,327.18553483382965,327.59504479466324,313.82167181350314,317.6070861816406,2742400.0
2025-07-16,CEG,318.2463211628031,321.61225824326095,301.00709533043226,307.8288879394531,2952800.0
2025-07-17,CEG,311.44453213297294,314.4409197105905,304.6427347702474,307.7090148925781,1984900.0
2025-07-18,CEG,311.4045824577654,326.6162548889464,310.5456326201503,321.0329895019531,3532900.0
2025-07-21,CEG,324.02935615464486,325.24788828487783,316.2686930580052,317.4972229003906,1937600.0
2025-07-22,CEG,317.6170872312571,318.35819815736966,311.02002952494263,317.4073486328125,1780100.0
2025-07-23,CEG,328.99339275027154,342.81672420648994,322.41130101379287,323.31024169921875,3821400.0
2025-07-24,CEG,324.68855145590754,326.5263626993546,320.50959900147046,321.2826843261719,1818100.0
2025-07-25,CEG,322.1116748962043,327.88471392782395,320.64344371697905,326.9558410644531,1383900.0
2025-07-28,CEG,329.6875236202031,331.60022623083586,322.11166554049566,328.2642517089844,1701400.0
2025-07-29,CEG,331.60023817967794,338.83151072828423,328.30422390817654,330.12200927734375,2696000.0
2025-07-30,CEG,331.10083953173324,347.71581901594743,331.10083953173324,344.854248046875,3026600.0
2025-07-31,CEG,349.05918239241805,353.5837263446668,343.86043295724505,347.421142578125,3581100.0
2025-08-01,CEG,336.02987819801007,342.9665226677492,326.61623953654043,340.3596496582031,2871900.0
2025-08-04,CEG,344.71441966505466,356.5701216334699,344.1610706653359,354.4626770019531,2899300.0
2025-08-05,CEG,351.60611572481287,353.3510214097604,338.55184613500865,343.15631103515625,3380500.0
2025-08-06,CEG,343.20621935667214,343.6456919617842,331.89984320847975,338.05242919921875,2946500.0
2025-08-07,CEG,334.856304206354,344.8342649278817,321.6122615692336,336.0049133300781,3632000.0
2025-08-08,CEG,338.3021485140262,341.7879669089077,331.84993557738767,335.3607177734375,1961000.0
2025-08-11,CEG,335.8351005104403,337.8926174841333,327.60503261566834,331.0908203125,1829800.0
2025-08-12,CEG,332.648950320902,339.32092985801455,330.52154073442847,338.1623229980469,1890600.0
2025-08-13,CEG,339.3559020972898,342.3372932148386,322.1116763290604,327.2355041503906,2788100.0
2025-08-14,CEG,325.0481378425534,333.18831827399066,322.87077011130566,325.81719970703125,2020700.0
2025-08-15,CEG,327.4951988912189,327.54113350443043,319.29506269091644,321.8420104980469,1749100.0
2025-08-18,CEG,322.07000732421875,326.0,319.7799987792969,322.7699890136719,1860300.0
2025-08-19,CEG,320.8500061035156,321.79901123046875,313.8500061035156,317.2349853515625,2122300.0
2025-08-20,CEG,313.92498779296875,315.5299987792969,304.7799987792969,314.2099914550781,2638500.0
2025-08-21,CEG,314.9800109863281,318.20001220703125,310.70001220703125,312.5199890136719,1622600.0
2025-08-22,CEG,313.9200134277344,318.0,309.20001220703125,310.1600036621094,1856300.0
2025-08-25,CEG,310.4100036621094,317.6199951171875,309.9849853515625,310.67999267578125,1386200.0
2025-08-26,CEG,310.7699890136719,318.4800109863281,310.30999755859375,316.5799865722656,1674000.0
2025-08-27,CEG,316.3500061035156,319.489990234375,314.1400146484375,315.94000244140625,1369900.0
2025-08-28,CEG,317.29998779296875,323.9700012207031,315.79998779296875,319.54998779296875,1751500.0
2025-08-29,CEG,317.3500061035156,317.989990234375,305.8900146484375,307.9800109863281,2326300.0
2025-09-02,CEG,300.489990234375,307.4549865722656,296.989990234375,307.19000244140625,2426900.0
2025-09-03,CEG,306.5199890136719,309.5899963378906,303.9200134277344,308.4800109863281,1374400.0
2025-09-04,CEG,310.0,312.1600036621094,307.25,309.05999755859375,1757700.0
2025-09-05,CEG,311.04998779296875,312.989990234375,293.1549987792969,301.5799865722656,2821200.0
2025-09-08,CEG,304.2099914550781,304.7900085449219,296.3599853515625,298.82000732421875,2333700.0
2025-09-09,CEG,300.6099853515625,305.29998779296875,296.3500061035156,300.82000732421875,2081600.0
2025-09-10,CEG,308.5,328.3009948730469,308.5,320.0,4040700.0
2025-09-11,CEG,320.010009765625,322.260986328125,316.1099853515625,318.0,2263800.0
2025-09-12,CEG,318.05999755859375,325.4100036621094,315.281005859375,323.4800109863281,1414800.0
2025-09-15,CEG,325.75,334.8599853515625,324.6099853515625,330.4200134277344,2049300.0
2025-09-16,CEG,332.0400085449219,332.8599853515625,321.50799560546875,322.9100036621094,2374000.0
2025-09-17,CEG,322.5299987792969,326.20001220703125,316.1839904785156,321.2749938964844,2171800.0
2025-09-18,CEG,325.17999267578125,330.1300048828125,319.5899963378906,322.7099914550781,1732400.0
2025-09-19,CEG,325.7099914550781,331.8599853515625,319.760009765625,330.8999938964844,3416400.0
2025-09-22,CEG,332.9700012207031,347.3299865722656,326.5,347.1199951171875,2879900.0
2025-09-23,CEG,346.75,348.44000244140625,336.1400146484375,336.6499938964844,2522700.0
2025-09-24,CEG,339.6889953613281,344.3999938964844,335.5,339.1300048828125,1735200.0
2025-09-25,CEG,335.0,336.55999755859375,325.05999755859375,326.3299865722656,2447800.0
2025-09-26,CEG,328.7200012207031,332.8399963378906,326.44000244140625,331.260009765625,1263500.0
2025-09-29,CEG,334.8999938964844,340.5450134277344,322.55999755859375,334.2650146484375,2286700.0
2025-09-30,CEG,334.9200134277344,336.7799987792969,327.2099914550781,329.07000732421875,2159600.0
2025-10-01,CEG,326.04998779296875,352.25,323.8800048828125,350.8999938964844,2818400.0
2025-10-02,CEG,352.25,357.67999267578125,343.2099914550781,357.4599914550781,2161800.0
2025-10-03,CEG,358.8699951171875,376.7799987792969,358.69000244140625,360.0,3355200.0
2025-10-06,CEG,367.6300048828125,368.5,353.0,364.1000061035156,2159900.0
2025-10-07,CEG,363.1300048828125,371.30999755859375,355.3800048828125,358.1600036621094,2167700.0
2025-10-08,CEG,368.80999755859375,376.4989929199219,363.7099914550781,371.0,3342800.0
2025-10-09,CEG,374.2300109863281,386.8599853515625,372.75,383.2300109863281,2888800.0
2025-10-10,CEG,381.0,392.17999267578125,367.3800048828125,368.489990234375,3084600.0
2025-10-13,CEG,376.32000732421875,387.0,375.25,380.9100036621094,3270500.0
2025-10-14,CEG,374.70001220703125,395.1400146484375,366.1600036621094,389.55999755859375,3110900.0
2025-10-15,CEG,396.9750061035156,412.70001220703125,395.70001220703125,403.95001220703125,3537700.0
2025-10-16,CEG,406.8999938964844,411.69000244140625,394.7200012207031,396.5299987792969,3062300.0
2025-10-17,CEG,391.29998779296875,402.010009765625,382.8299865722656,386.5,2882900.0
2025-10-20,CEG,395.94000244140625,398.5,368.1300048828125,370.0,3072900.0
2025-10-21,CEG,369.364990234375,369.5480041503906,355.20001220703125,358.7900085449219,2753700.0
2025-10-22,CEG,361.0,362.94000244140625,343.4700012207031,350.05999755859375,3571800.0
2025-10-23,CEG,354.0,367.5350036621094,353.7900085449219,365.79998779296875,2317500.0
2025-10-24,CEG,376.42999267578125,391.1159973144531,373.6000061035156,389.19000244140625,2998600.0
