,WAPE,MAPE,MAE,RMSE
AAPL,7.444883972022383,7.5367288230225125,17.36838633219401,18.699858921948916
ABBV,3.3443548011137914,3.338315296298356,5.888421630859369,6.564165395509982
ABNB,2.4140747841814516,2.3108179652625562,3.2205528259277343,5.766066704408753
ABT,7.439002863511727,7.084145483149347,8.970722452799482,11.425562845669191
ADBE,5.152715025519414,5.2258960264358585,22.45929361979165,24.66074429377949
ADI,2.8561241509586046,2.8755630686553735,5.989791361490886,7.268458358828682
ADP,1.971838072331356,1.9499905301003106,5.767180379231771,6.8670670341838145
ADSK,1.7390690670209543,1.7512278036707445,5.201213582356773,6.361943986838602
AEP,4.449057634163531,4.3626752127568675,4.194014739990234,4.843349941066701
AFL,1.7099651138344174,1.7200359455044432,1.7513987223307315,2.0469456859505635
AJG,4.458314466612993,4.277208151390322,13.24949035644531,17.887187575083235
ALL,3.2278960398568253,3.2552172430027717,5.98970743815104,6.7113561339630925
AMAT,7.694796923408945,7.5524986625291595,13.692892964680988,15.401735444110379
AMD,6.928620894539597,7.134479963946686,8.150344594319659,9.997415607773748
AMGN,4.899641031191605,4.744425825549787,13.263251241048165,16.32202603721383
AMT,2.444292718778006,2.4727367327464504,4.417482503255213,5.006452610214275
AMZN,2.9308389997344277,2.87729085303496,6.738809712727868,8.353982060590864
ANET,5.123338716471302,5.00585720751018,5.913357543945312,7.584047089541919
APH,2.637617281996119,2.5614705600447474,1.8546274820963542,2.745347838370066
APO,2.9863252874952124,3.050341707785605,4.857389831542969,6.237644898915417
APP,7.912094640657562,7.21797874494242,28.73204650878906,43.66940481932464
ARES,5.400984180275695,5.289202847747687,9.885514322916665,11.561213082877217
AVGO,4.862267998797121,5.052019396836379,11.024884541829431,14.450160189839458
AXP,4.109047767362976,4.051424144832882,12.688559977213542,14.591524550181214
AZO,3.122861360270975,3.0737295357511645,104.351318359375,123.54786007833678
BA,2.6788692531017713,2.7160856574850296,4.712604268391929,5.564731473941991
BAC,3.6612427092485396,3.6431950992263755,1.6582143147786457,1.7552571840514615
BDX,3.8032695079954,3.725376610090777,8.803042093912758,10.725105127646698
BK,7.254659389128941,7.073012107401704,5.913909403483073,6.744049373299053
BKNG,4.839489943475804,4.89207471650893,231.245166015625,257.62604054114837
BLK,3.775514602783968,3.831434633296775,37.2275390625,43.38397768149146
BMY,2.4362228360321505,2.4043776888221466,1.344421641031901,1.7189764846280617
BRK-B,1.9630136983239004,1.9472705754930888,9.111086018880217,10.54155071387508
BSX,10.167903728769716,9.948719716844192,10.19396743774414,11.228698323381826
BX,3.658740998323266,3.7043448276039594,6.195681762695312,7.702548293954803
C,9.791725606914135,9.553494094698957,7.507113393147787,8.362436540346893
CAT,3.70128715691752,3.6072363281738102,13.607241821289064,17.69396065575631
CDNS,2.4460845037335153,2.434430869534802,7.383073933919271,9.206382895001733
CEG,22.44745898270953,21.86512643200646,66.9260487874349,71.23676251129545
CI,1.7857044833929276,1.7480322659782161,5.056439208984375,7.045302751936705
CL,4.807898239937761,4.8385304379338985,4.138914235432943,4.475508625641055
CMCSA,5.1098636768785655,5.304410139503291,1.7847911834716794,2.37825260324116
CME,1.979323817598499,1.9437063801716712,4.585111999511724,6.201499009557888
CMI,2.5140397675269983,2.4948849097871197,8.92962849934896,9.901216761796494
COF,7.174999811309501,6.98782793286747,13.799541219075525,15.89123763304713
COIN,5.614146659514224,5.461367569944561,15.652390543619793,19.51994872807438
COP,2.4939033875612737,2.494753836782376,2.4447458902994765,2.961259161321848
COR,6.684976730697584,6.58895626771647,16.214293924967446,17.771532799825533
COST,5.101480822369052,4.837351212243817,49.55018513997394,69.4836119436448
CRM,3.364572797118588,3.397128892276166,11.10737915039063,12.89148731090518
CRWD,9.955825438479799,9.434468789454312,38.657375081380216,47.80522324005092
CSCO,2.5558777123026633,2.4955751264442787,1.5248456319173178,2.050702159131808
CSX,0.9745898895551534,0.9754605685590177,0.3139631907145181,0.390212704982357
CTAS,5.311331440674247,5.2468453641155595,10.420077006022131,11.229183008755374
CVNA,13.231417883246516,12.637618065572722,31.098639424641927,35.21031731633638
CVS,13.374860423511764,12.651240518007073,6.956062825520833,8.255910918748024
CVX,4.352750444002799,4.3029838300026535,6.417844136555989,7.267321540701168
DASH,7.420957445560776,7.094957043129396,13.654685465494792,17.19345355065681
DE,6.253975674416438,6.094307566492637,28.18101704915366,32.25137714541829
DELL,8.25462787770609,8.494500907374697,8.982847086588544,10.26539846663935
DHR,6.718746130286383,7.019687536697719,15.230656941731771,18.186591062747105
DIS,2.7277296340788193,2.7584454232558557,2.9810371398925826,3.629275983531073
DUK,1.8517196964258882,1.825229954264453,1.9791796366373693,2.5122963170918307
ECL,3.6340620537503923,3.5284186280118806,8.786877950032544,11.315416882028531
ELV,3.8853289696201783,3.8416581854500578,14.929796346028661,16.70011022348676
EMR,2.507290060542544,2.5221492922944257,3.091738891601563,3.5399261435619302
EOG,4.056370925709458,3.9814174547415213,5.142596181233722,6.412221280092978
EPD,4.437667006228418,4.406295496505873,1.378760655721029,1.4713987788512302
EQIX,2.9038553275306103,2.9325613847261907,26.29278767903646,30.1183346960459
ET,2.41876997837514,2.3748583248287667,0.4550141016642254,0.5947949073778681
F,3.3434606089018595,3.461089339930544,0.30604082743326816,0.4423605062793091
FCX,4.0445407571469785,4.121233484467203,1.5258804321289061,1.8332730733989504
FDX,6.229519901815733,6.368913503710365,16.35346171061198,19.32343612579624
FTNT,4.511712419138464,4.32188094201855,4.512028249104816,6.04741221539777
GD,3.0938238553047364,3.156320903426852,7.912039693196616,10.324634997504901
GE,11.36421342794221,10.909780925066528,21.69882558186849,25.25271953184676
GILD,2.9939381094631985,2.896022515183206,2.7639567057291665,3.9206381757556863
GLW,5.631726286590333,5.465466429039881,2.798310724894206,3.391533673576423
GM,8.432535169442954,8.710495250789565,4.201374053955078,5.068012308260111
GOOG,2.891916396218883,2.8969807104284024,5.62333119710286,6.751329951650874
GS,6.921548510308915,6.750085899963771,42.188232421875,47.97295486716122
HCA,2.994933166475287,2.9234658558548783,9.455159505208332,12.126205594756781
HD,3.0291906956120975,2.9849307219814722,12.010320027669273,14.022431305451457
HLT,3.008150084604178,2.9223405502721866,7.609369913736982,10.203314695256447
HON,4.98606431167669,5.1212927323068325,10.05322774251302,12.682453013923809
HOOD,22.37895936572557,21.139371611829574,11.06475435892741,12.604225978378382
HWM,9.782526078562205,9.568684558482737,12.036249287923177,13.238783835028173
IBKR,13.32817235203014,12.71021181918238,6.8807720184326175,8.04597749082456
IBM,5.715196332572613,5.30304778570949,13.2012217203776,19.541223412226273
ICE,4.5976840338340095,4.472894262323309,7.1016184488932295,8.617841792429022
IDXX,3.7852065435098305,3.6496422118776213,16.518981933593754,22.34398658829202
INTC,5.204577671631893,5.160018184609696,1.0617858886718745,1.247834877042699
INTU,6.693810508381049,6.794176183540116,40.191705322265626,46.62730894985759
ISRG,8.093355451314922,7.944222340602394,46.468459065755205,51.407600884078924
ITW,1.2714386882086528,1.2784381864125882,3.1903951009114593,3.866848698099699
JNJ,2.4431262165282126,2.395797124361874,3.5427647908528646,4.413752046962747
JPM,7.578183744894989,7.380220610792178,19.467347717285154,22.4351558581305
KKR,5.2799115758891135,5.193331818042609,8.036183675130209,9.734464051867548
KLAC,12.034447150312202,11.845794346115369,86.86334431966146,92.32127635304829
KMI,4.000903763606363,3.8921852003874866,1.0846115112304686,1.4229829077277452
KO,2.1201584076912794,2.052563535368292,1.3030849456787112,2.029457464990651
LHX,2.8396243717814986,2.8694212263891945,5.879954528808598,7.182699051609712
LLY,4.014957798937253,3.9399217741971353,32.02757975260417,39.443024290395705
LMT,6.256035336566539,6.483658960738989,28.4541035970052,35.852472669736535
LOW,2.3683988421401003,2.3251566296091406,5.9572184244791675,7.737066387949182
LRCX,7.109643298577822,6.9741221302984675,5.576121520996094,6.230271340020126
MA,3.7270710202806567,3.661403571716044,20.042913818359374,23.74388060735426
MAR,2.5448074598176427,2.51286073646774,7.162709554036458,8.675417086850478
MCD,2.3867410771410347,2.377158716631915,6.791424560546878,8.16546529220411
MCK,1.761019562933754,1.7518518902891835,10.411063639322917,11.79388678728008
MCO,3.0455939820871905,2.998108795400253,14.758143107096355,18.108224177169664
MDLZ,4.641401725329486,4.692219705915395,2.6366854349772137,2.935499141526786
MET,2.0695690480209965,2.0440993571540136,1.698375447591146,2.09505734315355
META,10.254778637180202,9.845570868955793,67.44810384114584,79.89540800513663
MMC,2.5283018697237094,2.4774185954427757,5.458604431152337,6.866706502020904
MMM,10.008187448964428,9.721061743568155,14.201588185628255,16.142686318230492
MNST,8.300129368557121,8.439200571659475,4.077604548136394,4.507840855716163
MO,1.6842915619640373,1.7015556033520531,0.83602294921875,0.9851440329195978
MPLX,6.280638997497846,6.129659446208011,3.0025121053059904,3.487971854362547
MRK,5.996737479766277,6.427555469941819,5.499351755777994,8.056283473249447
MRVL,5.755693111020902,5.7335838263903876,6.559855651855469,7.664856706381283
MS,5.365945842850072,5.260317864663612,7.035603841145834,7.899075134022592
MSFT,2.719227906902169,2.7179442552261768,11.410789998372389,13.476336419686662
MSI,1.3592048520759041,1.375249539818931,6.276326497395828,8.915273310723055
MU,9.537431482067802,9.138986963339187,9.185885365804035,11.538013951466658
NDAQ,2.8951686314169334,2.8559298642562507,2.286335245768229,2.645427338417309
NEE,4.43128892169389,4.484825046679428,3.012152608235677,3.4748903738223165
NEM,7.5722053706766,7.316737753516097,3.1452242533365893,3.6615525670462525
NET,18.356595827408533,16.503098595449305,24.585233561197917,32.12761549299021
NFLX,7.037987286547053,6.875848561272122,6.638386789957682,7.403506117990709
NKE,4.8789545297854,4.961417821751979,3.489058176676432,4.000598902200182
NOC,2.6741897475724037,2.67426877510672,12.515691121419275,15.970784133723608
NOW,5.093523492008419,5.15878972591041,10.73335113525391,12.52358573833606
NSC,3.7202975626750336,3.6456263796108273,9.06096852620443,10.781249342080239
NVDA,5.997498442994012,6.186115126597935,8.003991444905601,9.812234609609733
ORCL,3.620896577028828,3.6590630508314015,6.047240702311197,7.900988587926327
ORLY,5.037947146094371,4.895298012101698,4.2493136088053385,5.224419598143212
PANW,3.1450446796657596,3.174171643750565,5.810711161295572,7.252276092762361
PCAR,2.7581839213825594,2.7353623095766437,2.9074717203776035,3.3375955405844664
PEP,4.783220074946359,4.825417477372449,6.766100565592448,7.441908118932102
PFE,1.8040080447613773,1.8205356061730995,0.44686444600423203,0.5616338388908807
PG,2.5981719501352716,2.647847038840764,4.189545186360677,5.26324703857906
PGR,2.660643746426142,2.5952490896384828,6.517760721842451,8.612428567065757
PH,3.371590036774338,3.3042877892945124,22.367372639973958,26.73725138891996
PLD,6.596830589116016,6.387145686421173,7.299818166097006,8.644267930331582
PLTR,15.07033292060401,13.180991345930051,12.952197774251301,18.599551713746965
PM,6.376027423163092,5.9144210437543325,8.068495432535805,11.715184251979757
PNC,1.7776092764110323,1.7648961882001872,3.407046508789054,4.029190904098559
PWR,5.803266164604582,5.799481919713975,18.349081420898436,21.78989283157492
PYPL,5.661541822930298,5.910701419434254,4.811595153808594,5.888389679919513
QCOM,6.962436777962152,6.849845752646931,11.37877705891927,12.537183305703556
RBLX,9.305863513187706,9.061478897876368,6.141559727986654,6.976668595557936
RCL,5.900858746089581,5.607653373088708,14.450758361816405,18.88276343759957
REGN,6.195735719738911,6.291441323352305,42.78024495442708,49.533406479870095
RKT,4.38673389667026,4.441064934893803,0.4966639518737794,0.5885069855153535
ROST,3.839167169714574,3.930383036264838,5.622862752278646,7.201175891166419
RSG,5.260794813487702,5.1578339317392485,11.186666870117188,12.902575886464485
RTX,5.671641139748764,5.534783603367333,6.8752370198567725,8.06199313380588
SBUX,9.237931889477329,8.706891412058146,9.177737935384114,11.749751526338256
SCCO,2.8239678623435416,2.8070868094648636,2.528466796875,2.9086265587480704
SCHW,5.334079711113555,5.1982290241985405,4.165567016601562,4.812451326415073
SHW,2.5528154248509676,2.540045133795202,8.936055501302086,9.821192719044927
SLB,3.992147350231828,3.901108720747316,1.5817696889241546,1.9555738355561316
SNOW,9.187401531736853,8.943625421435344,16.140916951497395,17.994306879820215
SNPS,4.3916882733092395,4.301467171886189,22.709859212239582,27.076637918177457
SO,1.1922831686401678,1.1867353924279784,0.9652849833170573,1.186421033392756
SPG,1.6193792835418168,1.5848436300413653,2.716900126139323,3.867941654503393
SPGI,2.3528725509975503,2.3294562013398568,11.939087931315106,14.653324228887046
SRE,7.782453973546939,7.864896469789059,6.243557993570963,6.686961983992022
SYK,4.695936116684235,4.596187382911281,17.847111002604173,20.984737701861903
T,4.974125353908764,4.803791469704636,1.127779324849446,1.4120076181617225
TDG,3.0400080326366132,2.995759448787845,37.47611897786458,44.377811894565724
TFC,4.647404815840213,4.559860816834718,2.0464960734049478,2.355650038443786
TJX,1.314446223329005,1.3064996435321865,1.5980234781901046,1.8786895702520605
TMO,5.9820044328148585,5.858237496195036,33.47941284179687,38.90852281720014
TMUS,5.605119517562813,5.334024307781412,12.695533243815097,16.630763113768893
TRV,1.5986763749931137,1.6128545106052508,3.8177902221679707,4.849108300453695
TSLA,8.013193227823354,8.547957638212672,31.299265543619793,42.958151239467185
TXN,3.2450400838298292,3.263121819830713,5.894384256998699,6.585105289603975
UBER,9.50171902052749,9.17165220538464,6.571325429280599,7.733220201008128
UNH,2.2916892244329774,2.2599178906230213,11.852782185872396,14.91904257582131
UNP,4.167862409390184,4.072952251865699,9.785891723632812,11.890207824725742
UPS,6.459367242331513,6.727223997905075,7.429783121744792,9.115618875267236
USB,2.041493277880034,2.047416253347444,0.9511497497558591,1.1531951171420873
V,4.803008942718164,4.654067152368545,15.801744588216145,19.58903952613855
VRT,9.97217979293144,9.560543255774363,12.362809499104818,15.394033626799159
VRTX,5.881549498722905,5.6487267963041585,25.852429199218758,32.413133112025555
VST,15.43569425075168,15.097440265565615,25.807135518391927,27.84053747303768
VZ,1.9022654849371508,1.9296070390255735,0.7146143595377606,0.8616941161430575
WBD,7.002978192327524,7.113726574753733,0.7101720174153646,0.7901123324937225
WDAY,3.1608994902234704,3.194943053336009,8.163697306315106,9.084675720307157
WDC,5.824553967993552,5.751684312774675,2.8627438863118493,3.1924071680918966
WELL,5.786686700682749,5.537986897224781,7.670082600911458,9.875711097077591
WFC,6.48724273304106,6.3296671345672015,4.864023590087891,5.5522204559417885
WM,4.858405409177998,4.730204921176483,10.286065673828121,12.474567131562289
WMB,3.255041637547544,3.183254196365797,1.7865844726562508,2.381555050129017
WMT,5.368021665471138,5.158305644377088,5.1282971700032585,6.655846538587406
XOM,1.109834793975464,1.1074605132834612,1.1689936319986975,1.4607625421764814
ZTS,2.322108830622385,2.2971007032020223,3.8664265950520833,4.738217961234471
