date,Ticker,reason,Open,High,Low,Close,Volume
2008-03-19,AAPL,Close < Low,3.9962778272654176,4.031400963610508,3.89270806312561,3.8927080631256095,1010536800.0
2014-03-06,ABT,Close < Low,31.847253323465036,32.094565265315296,31.69567680358887,31.695676803588867,6442000.0
2009-12-31,AEP,Close < Low,19.244984895791173,19.261309450093925,18.929405212402347,18.929405212402344,1486200.0
2010-01-22,AEP,Close < Low,19.6802686743925,19.691151018941188,19.272190093994144,19.27219009399414,4206300.0
2009-09-23,AFL,Close < Low,14.48686198116202,14.690185842764365,14.20559597015381,14.205595970153809,6567800.0
2010-01-26,AJG,Close < Low,15.357355414715846,15.45821344617169,15.236325263977053,15.23632526397705,317000.0
2010-01-29,AJG,Close < Low,15.236319503576048,15.451483564662546,15.162356376647953,15.16235637664795,470000.0
2012-07-31,AMGN,Close < Low,58.21981184670363,58.43692292949556,57.84862899780274,57.848628997802734,4537800.0
2008-09-09,APD,Close < Low,52.454790686015,52.51457469549411,50.54766845703126,50.54766845703125,2918592.0
2008-10-09,BK,Close < Low,17.29050635563202,19.243204773628538,15.66213130950928,15.662131309509276,17467300.0
2011-10-31,BK,Close < Low,15.818499022439042,15.86163999940979,15.30080318450928,15.300803184509276,11193500.0
2009-05-22,BMY,Close < Low,11.364469512783351,11.464646200972334,11.141855239868166,11.141855239868164,8892200.0
2009-12-29,BMY,Close < Low,14.89605820770473,14.959080342115495,14.810119628906252,14.81011962890625,24745600.0
2012-04-24,BX,Close < Low,6.82036734360359,6.881082806159217,6.764711380004884,6.764711380004883,2541692.0
2012-05-02,BX,Close < Low,6.886144045707025,6.931680531211157,6.703997611999513,6.703997611999512,5127506.0
2010-05-26,C,Close < Low,29.63315569582916,30.081010805632783,28.81208419799805,28.812084197998047,124767260.0
2013-06-19,CAT,Close < Low,61.240170600506254,61.812712503955375,61.05898666381837,61.05898666381836,4711700.0
2016-06-13,CAT,Close < Low,60.57635276419224,61.08849054964973,60.20025634765626,60.20025634765625,4086700.0
2019-07-17,CAT,Close < Low,120.11544058490284,120.38487252522827,117.96865844726564,117.96865844726562,3750200.0
2015-03-24,CL,Close < Low,54.40776562096461,54.92867304585457,53.886852264404304,53.8868522644043,2849300.0
2016-10-18,CL,Close < Low,58.41002354716368,58.41002354716368,57.83911132812501,57.839111328125,2729900.0
2008-10-07,CMCSA,Close < Low,6.304403600602268,6.616502651227012,5.947223186492921,5.94722318649292,73504600.0
2010-12-15,CMCSA,Close < Low,7.932532597037352,7.961378142608206,7.791910648345948,7.791910648345947,45802000.0
2011-08-08,CMCSA,Close < Low,7.848696694451195,7.969277204952044,7.465031623840333,7.465031623840332,85553600.0
2011-11-23,CMCSA,Close < Low,7.795803769883148,7.847237449159066,7.740696907043458,7.740696907043457,33662600.0
2013-02-28,CMCSA,Close < Low,15.08531069664559,15.202018135330343,14.97989845275879,14.979898452758787,24696600.0
2009-04-14,CME,Close < Low,27.689494069205743,27.855438226078125,26.160055160522464,26.16005516052246,6642500.0
2009-04-22,CME,Close < Low,23.941467883144668,24.388567321037737,23.101177215576172,23.10117721557617,7608000.0
2008-10-09,COP,Close < Low,26.492209677146345,26.617884264285927,22.55021476745606,22.55021476745605,28651745.0
2011-08-04,COR,Close < Low,26.26402839060755,26.40369405481228,25.32128715515137,25.321287155151367,4367900.0
2016-09-29,COR,Close < Low,62.40329789521101,62.6742244005934,61.146503448486335,61.14650344848633,1625300.0
2011-12-14,COST,Close < Low,60.89794596765835,61.152991896144925,60.300407409667976,60.30040740966797,1891000.0
2008-09-15,CVX,Close < Low,41.3036073429235,42.64714471669649,40.75906372070313,40.759063720703125,17357200.0
2011-03-07,CVX,Close < Low,57.99433303423959,58.35637646017655,57.37606811523438,57.376068115234375,8222500.0
2011-03-28,CVX,Close < Low,59.26429272964574,59.65418768693475,59.063774108886726,59.06377410888672,6023500.0
2011-10-31,CVX,Close < Low,60.94786559033133,61.10628861087213,59.43718338012696,59.43718338012695,11457800.0
2011-11-25,CVX,Close < Low,53.62268918580526,53.862202442896994,52.6304168701172,52.63041687011719,5257300.0
2010-11-29,DE,Close < Low,56.9561618218011,57.27079399409338,56.31940460205079,56.31940460205078,5992300.0
2011-08-02,DE,Close < Low,59.47275160086838,60.64156338240081,58.303939819335945,58.30393981933594,6441600.0
2013-09-20,DHR,Close < Low,28.593396888250517,28.75604471690636,28.288433074951172,28.28843307495117,7624246.0
2008-06-02,DLR,Close < Low,21.04462738083806,21.08480705587717,20.62273025512696,20.622730255126957,747300.0
2009-12-21,DUK,Close < Low,26.22214831235657,26.47849012039241,26.19199180603028,26.191991806030277,1418767.0
2008-10-15,EPD,Close < Low,4.021957358957081,4.021957358957081,3.6685986518859863,3.6685986518859854,3161600.0
2017-01-10,EPD,Close < Low,14.724061349341238,14.724061349341238,14.27207660675049,14.272076606750488,5274100.0
2019-10-08,ET,Close < Low,7.400798888023854,7.43005117001203,7.231136322021485,7.231136322021484,12726600.0
2021-06-25,ET,Close < Low,7.805671595797765,7.819915168832161,7.63474464416504,7.634744644165039,9933800.0
2008-10-03,F,Close < Low,2.325679652199676,2.325679652199676,2.1071596145629887,2.1071596145629883,43056400.0
2009-10-01,F,Close < Low,3.735655117458118,3.7720752436059866,3.626394987106324,3.6263949871063232,101530900.0
2010-10-13,F,Close < Low,7.231979985936635,7.237182968462751,7.096705913543702,7.096705913543701,59061900.0
2012-05-17,F,Close < Low,5.329830265012585,5.377043409138849,5.251142024993897,5.2511420249938965,49648900.0
2012-09-27,F,Close < Low,5.343004161921925,5.3693764446638,5.284985542297364,5.284985542297363,25740900.0
2015-03-25,F,Close < Low,9.378808952146668,9.390155750444992,9.180225372314457,9.180225372314451,21996200.0
2015-08-25,F,Close < Low,8.013367946080114,8.019153351800332,7.463714122772218,7.463714122772217,47961800.0
2017-10-23,F,Close < Low,7.995546206133966,8.048365620222576,7.949329376220704,7.949329376220703,21504800.0
2018-09-26,F,Close < Low,6.521136210133382,6.541992536635083,6.44466257095337,6.444662570953369,58597500.0
2019-07-10,F,Close < Low,7.45486772372743,7.506079264122026,7.396340847015382,7.396340847015381,29082200.0
2021-12-30,F,Close < Low,15.882946169181018,16.168360111591387,15.790378570556642,15.79037857055664,51470100.0
2008-03-19,GD,Close < Low,57.113243847284224,57.89398580057011,56.26633834838868,56.26633834838867,2106600.0
2016-06-21,GD,Close < Low,114.5535211689916,114.84554310060388,113.08530426025392,113.0853042602539,1597100.0
2016-09-09,GILD,Close < Low,56.10613510845333,56.49228556319201,55.81295013427735,55.812950134277344,10415200.0
2015-03-23,GM,Close < Low,30.270487625919053,30.41088177221339,30.0988941192627,30.09889411926269,11656900.0
2017-09-01,HON,Close < Low,112.4192184193614,112.6143187512102,111.88268280029298,111.88268280029295,1835569.0
2010-11-11,IBKR,Close < Low,3.597897647961205,3.620911713500573,3.5710477828979497,3.571047782897949,1405600.0
2012-11-07,IBM,Close < Low,112.7416106467463,112.92818934733133,111.45886230468751,111.4588623046875,4964525.0
2013-02-25,IBM,Close < Low,118.08189534818516,118.56202005918864,115.64613342285158,115.64613342285156,4021661.0
2013-05-31,IBM,Close < Low,122.70612481510535,124.70034401187011,122.37081146240236,122.37081146240234,5176654.0
2014-01-24,IBM,Close < Low,107.7314291699277,108.65866134329232,106.77447509765626,106.77447509765624,7207568.0
2008-03-27,INTC,Close < Low,13.416878037466036,13.43527454428514,12.932448387145998,12.932448387145996,71530200.0
2009-08-05,INTC,Close < Low,12.38256112097329,12.401837805424456,12.119102478027346,12.119102478027344,60035000.0
2010-02-04,JPM,Close < Low,26.51318061292988,26.599801386484835,25.55366706848145,25.553667068481445,57211800.0
2012-11-08,JPM,Close < Low,29.048967501470955,29.20378359884192,28.429708480834964,28.42970848083496,27830900.0
2010-11-17,KKR,Close < Low,7.494063208217695,7.494063208217695,7.41203260421753,7.412032604217529,252500.0
2008-03-19,KLAC,Close < Low,20.105933795327942,20.41600891468333,19.37154579162598,19.371545791625977,6190600.0
2012-04-13,KLAC,Close < Low,32.31851802411207,32.33656560541097,31.716907501220707,31.716907501220703,1677800.0
2013-02-25,KMI,Close < Low,19.814184981228195,19.91047437796888,19.316690444946293,19.31669044494629,3751200.0
2016-03-08,KMI,Close < Low,11.481183357540504,11.5181606414638,10.969676017761232,10.96967601776123,22986900.0
2023-08-22,KMI,Close < Low,15.7173651584643,15.7173651584643,15.510558128356935,15.510558128356934,9087100.0
2008-03-19,LMT,Close < Low,59.649908795419925,60.47577871755718,58.98804473876954,58.98804473876953,2353200.0
2011-09-21,LMT,Close < Low,49.40282445945982,49.57302241477342,47.55684661865235,47.55684661865234,4054200.0
2009-10-21,LOW,Close < Low,15.932022762489485,16.19332613664993,15.499006271362306,15.499006271362305,28537400.0
2013-04-26,LOW,Close < Low,30.221406118720004,30.405341270999607,30.1494312286377,30.14943122863769,5232900.0
2012-06-11,MCD,Close < Low,62.43819354493496,62.487313058630505,60.761100769042976,60.76110076904297,9511900.0
2014-03-26,MDLZ,Close < Low,26.792800681243257,26.91727350910851,26.582752227783207,26.582752227783203,8864600.0
2011-03-28,MMM,Close < Low,49.572452782436365,49.78700673989929,49.41154098510743,49.41154098510742,2887503.0
2008-06-26,MO,Close < Low,7.179337748357025,7.329404853247723,7.152052879333497,7.152052879333496,12056400.0
2008-09-09,MO,Close < Low,7.196394283333173,7.332818686939094,7.0463271141052255,7.046327114105225,20505600.0
2010-02-26,MO,Close < Low,7.802524195722304,7.802524195722304,7.66537094116211,7.665370941162109,15720700.0
2013-10-31,MRK,Close < Low,29.79012467705481,29.888746724915126,29.645481109619144,29.64548110961914,15713922.0
2013-04-09,MS,Close < Low,15.977734644845093,16.219932674377706,15.955716133117678,15.955716133117676,13196200.0
2010-02-26,NEE,Close < Low,7.496045992132018,7.508807617764591,7.397140502929688,7.397140502929687,13330000.0
2010-05-26,NEE,Close < Low,7.88368861851853,7.928355825018234,7.728950500488282,7.728950500488281,22309200.0
2013-04-15,O,Close < Low,25.650588775482763,25.82823163772712,25.230705261230472,25.23070526123047,1657082.0
2015-07-21,O,Close < Low,28.373874843402582,28.536423649526256,28.29561042785645,28.295610427856445,1585771.0
2013-04-15,ORCL,Close < Low,27.7592077160869,27.85065814578029,27.268703460693363,27.26870346069336,19617500.0
2013-07-24,PEP,Close < Low,60.33824168198952,60.33824168198952,59.600543975830085,59.60054397583008,5939800.0
2013-10-24,PEP,Close < Low,58.46266202497828,58.46266202497828,57.85287094116212,57.85287094116211,5510800.0
2014-04-29,PEP,Close < Low,61.779698370518304,61.78680672157329,60.948200225830085,60.94820022583008,4869100.0
2009-04-22,PFE,Close < Low,6.548999381445127,6.553876003397398,6.358820438385011,6.35882043838501,76129366.0
2010-06-22,PFE,Close < Low,7.771764585571672,7.817933562722359,7.679427146911622,7.679427146911621,46211471.0
2013-01-31,PFE,Close < Low,15.695299578035163,15.781160029907992,15.615162849426271,15.61516284942627,34747323.0
2013-05-31,PFE,Close < Low,16.316744387282004,16.316744387282004,15.716482162475588,15.716482162475586,94549808.0
2019-11-04,PFE,Close < Low,27.865825025256907,27.8874225853734,27.37631988525391,27.376319885253903,17709730.0
2014-09-23,PG,Close < Low,61.785922703730215,61.98299289177584,61.63264465332032,61.63264465332031,7723500.0
2015-03-31,PG,Close < Low,61.30265973075274,61.42858215265591,60.695262908935554,60.69526290893555,8649700.0
2015-10-30,PG,Close < Low,58.47139980484896,58.59292736509966,58.01565551757813,58.015655517578125,9547700.0
2015-12-18,PG,Close < Low,60.72733564035016,60.8564663416718,59.34492492675782,59.34492492675781,21342100.0
2010-03-12,PGR,Close < Low,10.678551722942377,10.703298621669992,10.573374748229982,10.57337474822998,2599800.0
2011-06-22,PGR,Close < Low,13.750909233926691,13.85040904989779,13.658042907714846,13.658042907714844,3429500.0
2008-09-24,PLD,Close < Low,25.008990288733543,25.591524680361523,23.23283195495606,23.23283195495605,842500.0
2013-02-25,PLD,Close < Low,27.11298905478091,27.15407028306364,26.23661041259766,26.236610412597656,2727000.0
2015-03-10,PLD,Close < Low,30.11711592363231,30.335622018448447,29.971448898315437,29.97144889831543,2379800.0
2015-06-08,PLD,Close < Low,29.441801460467115,29.551986156833884,29.236118316650398,29.23611831665039,3936200.0
2012-09-11,PM,Close < Low,47.04201629036845,47.23292097700445,46.86701965332032,46.86701965332031,4193300.0
2013-10-09,PM,Close < Low,47.52821312556276,47.71593870717801,46.46810531616212,46.46810531616211,7307300.0
2018-10-09,PM,Close < Low,58.7945244916719,59.07789078343212,58.49042510986329,58.49042510986328,5369100.0
2014-09-23,PNC,Close < Low,61.415671184218056,61.59877181342982,60.563556671142585,60.56355667114258,3095200.0
2008-09-17,QCOM,Close < Low,30.806164480954983,31.095608630769277,29.56286430358887,29.562864303588867,30118500.0
2014-03-26,QCOM,Close < Low,56.99764271526237,57.576154365754114,56.62884140014649,56.62884140014648,14202600.0
2013-02-25,RCL,Close < Low,28.86513437110577,29.596759273957424,28.643943786621097,28.643943786621094,3476600.0
2008-10-15,RSG,Close < Low,16.047272305540773,16.21143992866283,14.788663864135744,14.788663864135742,1601900.0
2008-12-04,RSG,Close < Low,14.90494850278508,15.55477335020837,14.788663864135744,14.788663864135742,31099500.0
2008-05-07,RTX,Close < Low,31.01001244406734,31.06800759493904,30.25195503234864,30.251955032348636,6911356.0
2011-11-23,SBUX,Close < Low,16.239588567416828,16.270551314064,15.964800834655763,15.964800834655762,10680600.0
2009-06-22,SCCO,Close < Low,10.720788109287463,10.720788109287463,9.879539489746096,9.879539489746094,4952593.0
2009-05-19,SCHW,Close < Low,14.59950780385408,14.818988538325431,14.445059776306154,14.445059776306152,12586000.0
2013-11-25,SO,Close < Low,24.86098836107952,24.903176521038407,24.710315704345707,24.710315704345703,5015600.0
2014-06-11,SO,Close < Low,26.90320026880291,26.92171938613503,26.600708007812504,26.6007080078125,3944100.0
2009-04-22,SPG,Close < Low,22.20932922519041,22.864594942898886,21.312404632568363,21.31240463256836,17826778.0
2011-05-20,SPG,Close < Low,58.00134349617498,58.151307544917664,57.18153381347657,57.18153381347656,2494330.0
2011-06-06,SPG,Close < Low,57.576449409988726,57.76140820643416,56.93659973144532,56.93659973144531,1378073.0
2015-04-07,SPG,Close < Low,118.75687557857933,119.11268728404283,117.58863830566408,117.58863830566406,987200.0
2016-10-14,SPG,Close < Low,123.9825073054097,124.48080613830707,122.69939422607423,122.69939422607422,1056400.0
2020-01-27,SPG,Close < Low,104.08020313861527,104.19605158143452,102.54524993896486,102.54524993896484,2061600.0
2010-11-15,SRE,Close < Low,15.914204903387926,15.97968234068956,15.811310768127443,15.81131076812744,3037400.0
2008-06-26,T,Close < Low,7.364760245586043,7.364760245586043,7.087363719940186,7.0873637199401855,48514140.0
2020-05-12,T,Close < Low,15.19249574682027,15.27486771026581,14.873303413391117,14.873303413391112,46632472.0
2021-02-26,T,Close < Low,15.841261250906188,15.902019687962056,15.404909133911136,15.404909133911133,102619798.0
2013-11-29,TDG,Close < Low,86.44696433539222,86.75212122622627,85.29172515869142,85.2917251586914,184400.0
2011-06-22,TFC,Close < Low,15.652882733446187,15.694703228963515,15.36013698577881,15.360136985778809,5417900.0
2008-09-17,TRV,Close < Low,32.67914201851175,34.04077357249506,30.042650222778324,30.04265022277832,13185700.0
2009-09-17,TXN,Close < Low,15.938523885263432,16.00465909038219,15.607849121093752,15.60784912109375,19475700.0
2016-08-16,TXN,Close < Low,54.71063872741163,54.89798149407111,54.49988555908204,54.49988555908203,3682600.0
2013-02-28,UPS,Close < Low,54.299333008477845,54.43673282186227,54.07687759399415,54.07687759399414,3744700.0
2009-09-23,USB,Close < Low,13.71596534871796,13.963770552856973,13.67259979248047,13.672599792480469,14694700.0
2017-03-31,VZ,Close < Low,30.77838932341771,30.77838932341771,30.55899238586426,30.558992385864254,19299100.0
2009-11-27,WELL,Close < Low,21.69695284611219,21.887715970966344,21.4861068725586,21.486106872558597,873500.0
2010-04-15,WELL,Close < Low,23.39958050464528,23.4046828765091,22.578273773193363,22.57827377319336,1789300.0
2010-05-13,WFC,Close < Low,22.29232491716757,22.511922172126717,22.012840270996097,22.012840270996094,33791100.0
2010-03-25,WM,Close < Low,23.387067637148046,23.387067637148046,23.177408218383796,23.17740821838379,2169900.0
2014-10-07,WMB,Close < Low,29.37729679761833,29.47351081648473,28.864156723022464,28.86415672302246,6248500.0
2023-08-31,WMB,Close < Low,31.84305724251901,31.879418974956263,31.38854598999024,31.388545989990234,10242300.0
2008-12-17,XOM,Close < Low,44.59752713147954,44.9594050729597,43.78194808959962,43.78194808959961,51197300.0
2018-10-15,XOM,Close < Low,58.6975614082045,58.95722175038047,58.29364776611329,58.29364776611328,10558800.0
2013-10-10,ABBV,Close > High,27.90906213503853,28.267982482910156,27.54395456352261,28.26798248291016,3967500.0
2013-03-14,ABT,Close > High,27.457935988843488,27.54415893554687,27.37955312281205,27.544158935546875,6809800.0
2008-09-08,ADP,Close > High,25.782905876815622,26.375549316406246,25.75988834032309,26.37554931640625,4010989.0
2010-05-25,ADP,Close > High,24.231060134140183,24.462644577026364,23.932437531902664,24.462644577026367,5252043.0
2010-07-26,ADP,Close > High,25.717623476005905,25.840528488159176,25.643882070743167,25.84052848815918,3340687.0
2010-11-04,ADP,Close > High,28.171275254794537,28.363424301147457,28.11548987403889,28.36342430114746,3253781.0
2009-03-17,AEP,Close > High,13.600862331635712,13.689552307128904,13.376528805677973,13.689552307128906,2792300.0
2011-10-10,AEP,Close > High,22.663451505101808,22.900890350341797,22.61002787814204,22.9008903503418,2321600.0
2012-07-02,AEP,Close > High,24.56547369830145,24.8731575012207,24.38086388603812,24.873157501220703,5012200.0
2013-01-10,AEP,Close > High,27.21035178341699,27.399093627929684,27.12856277080114,27.399093627929688,2071000.0
2013-01-18,AEP,Close > High,27.19778070137716,27.373939514160156,27.065661591789915,27.37393951416016,2346400.0
2018-02-15,AEP,Close > High,50.14367466377008,51.101638793945305,50.051708002371605,51.10163879394531,3870400.0
2019-01-04,AEP,Close > High,56.94077677779179,57.82260513305663,56.89353801112261,57.82260513305664,2857500.0
2009-05-26,AFL,Close > High,11.512342001574368,12.266366004943846,11.461848760985108,12.266366004943848,13623000.0
2017-04-11,AFL,Close > High,30.044733298781832,30.229181289672848,29.975050097448804,30.22918128967285,3798000.0
2008-01-28,AJG,Close > High,14.659449324986944,15.364114761352536,14.659449324986944,15.36411476135254,979000.0
2008-04-01,AJG,Close > High,14.501328167039237,15.032310485839842,14.501328167039237,15.032310485839844,557800.0
2009-07-14,AJG,Close > High,13.736074005723433,13.88658809661865,13.59864842225965,13.886588096618652,571400.0
2009-09-04,AJG,Close > High,15.33283423615806,15.46371555328369,15.215040177012936,15.463715553283691,287900.0
2008-11-24,AMAT,Close > High,6.496030104667871,6.692879676818847,6.374892128587053,6.692879676818848,26705200.0
2008-04-01,APD,Close > High,55.55941837650179,56.9521255493164,54.87497064060452,56.952125549316406,1483024.0
2011-03-29,APD,Close > High,57.386990045207085,57.67446899414062,56.90786021990206,57.67446899414063,1233529.0
2015-10-02,APO,Close > High,11.125354750164858,11.45821952819824,10.978126520975357,11.458219528198242,1132900.0
2012-03-16,BAC,Close > High,7.402490571179256,7.709289073944091,7.339557660389466,7.709289073944092,582294100.0
2015-12-01,BAC,Close > High,14.1053686887158,14.338847160339354,14.07316391436322,14.338847160339355,74351800.0
2008-03-18,BK,Close > High,27.43530475596217,29.93124198913574,27.43530475596217,29.931241989135746,15489600.0
2009-08-18,BMY,Close > High,12.280987559490727,12.303594589233397,12.1510003723579,12.303594589233398,9571200.0
2010-06-16,BMY,Close > High,14.85271923751403,15.193216323852536,14.85271923751403,15.19321632385254,15463200.0
2012-09-06,BMY,Close > High,21.62941289874082,21.739732742309567,21.47366447045503,21.73973274230957,7600700.0
2012-06-28,BX,Close > High,6.277824049568704,6.410418033599853,6.247225628481985,6.4104180335998535,2508167.0
2012-07-18,BX,Close > High,6.527716807732933,6.578714370727538,6.50221802623563,6.578714370727539,1419976.0
2013-11-22,BX,Close > High,14.84680709521041,14.906959533691404,14.567917067472557,14.906959533691406,3387156.0
2019-06-03,BX,Close > High,30.302306341327448,31.3416576385498,29.64163413847937,31.341657638549805,5361100.0
2009-11-23,C,Close > High,31.797788921314115,31.947074890136715,31.573861391776724,31.94707489013672,22623430.0
2009-12-11,C,Close > High,29.110642831536783,29.48385620117187,28.886715379234143,29.483856201171875,22120240.0
2013-07-08,CAT,Close > High,59.71824161336074,60.29802703857421,59.60953011822811,60.29802703857422,4879100.0
2009-11-24,CI,Close > High,29.49995811683278,30.003057479858395,29.17980318367829,30.0030574798584,3780900.0
2013-01-08,CMCSA,Close > High,14.20059914111322,14.366247177124022,14.008596604969467,14.366247177124023,33510400.0
2017-10-20,CMCSA,Close > High,30.366131482678234,30.382457733154293,30.096753020694045,30.382457733154297,14577700.0
2008-06-23,COP,Close > High,38.3324749838905,39.79446792602538,38.3324749838905,39.79446792602539,15818888.0
2009-12-21,COP,Close > High,22.12815037661916,22.30891418457031,22.09287922826971,22.308914184570312,11246771.0
2012-01-05,COR,Close > High,26.629349238525844,27.05103492736816,26.580152976976848,27.051034927368164,2376000.0
2013-10-29,COR,Close > High,47.23774009519912,47.54119873046874,47.04266466253565,47.54119873046875,1334100.0
2013-11-13,CSX,Close > High,7.324456063406285,7.384874820709228,7.299738549039473,7.3848748207092285,13797000.0
2010-07-26,CVX,Close > High,40.089278995563006,40.52373504638671,39.86662327339383,40.52373504638672,6467000.0
2012-05-23,CVX,Close > High,57.01318230495242,57.40165710449218,56.06808148311554,57.40165710449219,8013000.0
2011-10-21,DE,Close > High,53.80960863247544,55.14568710327148,53.36679265562146,55.14568710327149,5678500.0
2008-03-03,DHR,Close > High,14.889841519905936,14.944175720214842,14.734885511255523,14.944175720214844,10270504.0
2008-04-01,DHR,Close > High,15.451203005479597,15.904170036315916,15.451203005479597,15.904170036315918,5105644.0
2008-07-08,DHR,Close > High,15.305990852187827,15.47113513946533,15.12674943943106,15.471135139465332,7284128.0
2009-09-10,DHR,Close > High,13.442030738039325,13.601454734802244,13.357273458997046,13.601454734802246,7434399.0
2008-06-05,DLR,Close > High,21.04463087911005,21.531820297241207,20.959245942017272,21.53182029724121,416800.0
2010-04-20,DLR,Close > High,29.775319559252253,30.363594055175778,29.50546891082489,30.36359405517578,1281000.0
2012-03-20,DLR,Close > High,42.36786652853155,42.59051895141601,42.20380967180453,42.590518951416016,697400.0
2010-03-05,DUK,Close > High,25.00119917626155,25.184806823730465,24.939997275629693,25.18480682373047,2139467.0
2010-04-23,DUK,Close > High,24.81758534322576,24.86348724365234,24.52687395571504,24.863487243652344,3392100.0
2014-12-18,DUK,Close > High,52.1164548565937,53.16032409667968,52.001181102655686,53.16032409667969,4349700.0
2016-06-08,DUK,Close > High,54.51664430717573,54.97414016723632,54.51664430717573,54.97414016723633,1672300.0
2016-06-30,DUK,Close > High,57.562050292977325,58.579456329345696,57.45279598085416,58.5794563293457,5473100.0
2016-11-07,DUK,Close > High,53.67211133435729,54.58262634277343,53.04441039727764,54.58262634277344,3303900.0
2017-07-27,DUK,Close > High,60.00925655468378,60.61505508422851,59.902356049434346,60.61505508422852,2179600.0
2008-09-11,EMR,Close > High,26.730664774804517,27.21341514587402,26.21697180318023,27.213415145874023,5630800.0
2020-08-04,EPD,Close > High,11.999905735527374,12.171039581298826,11.95198716196736,12.171039581298828,6211400.0
2010-10-13,ET,Close > High,3.323938644234889,3.3316230773925777,3.3128388350719646,3.331623077392578,704800.0
2011-11-04,ET,Close > High,3.376041460891779,3.4494738578796382,3.3329003303357734,3.4494738578796387,1388000.0
2019-09-18,ET,Close > High,7.8278818736444,7.89808702468872,7.734275005585308,7.898087024688721,22589100.0
2019-12-31,ET,Close > High,7.54991421949167,7.687729835510253,7.519954129049006,7.687729835510254,18642000.0
2020-02-12,ET,Close > High,7.639262573041137,7.872428894042968,7.626990969393762,7.872428894042969,17895500.0
2008-02-27,F,Close > High,3.3766585322628924,3.433890104293823,3.329832926139297,3.4338901042938232,39084400.0
2008-09-30,F,Close > High,2.367303199870489,2.70548915863037,2.2892601908905603,2.705489158630371,42971100.0
2009-04-29,F,Close > High,2.7679237547683178,2.835560798645019,2.747112318484427,2.8355607986450195,70786300.0
2010-01-04,F,Close > High,5.291310907750781,5.3485422134399405,5.228876620767078,5.348542213439941,60855800.0
2012-11-29,F,Close > High,5.999616757282811,6.110917091369628,5.999616757282811,6.110917091369629,57289300.0
2013-01-15,F,Close > High,7.372319298050148,7.579020023345946,7.361719533020186,7.579020023345947,55425000.0
2016-02-22,F,Close > High,7.310609393723088,7.588533401489257,7.310609393723088,7.588533401489258,33549700.0
2016-12-23,F,Close > High,7.771709809301827,7.790466785430907,7.727942736635946,7.790466785430908,15621200.0
2017-02-10,F,Close > High,7.903310574973015,7.9477829933166495,7.858838762512384,7.94778299331665,32996500.0
2017-08-30,F,Close > High,7.056214975195212,7.134472370147704,7.023608193749208,7.134472370147705,23629300.0
2008-03-11,GLW,Close > High,15.605096090824912,15.917597770690916,15.265999251843954,15.917597770690918,14547500.0
2014-05-07,GLW,Close > High,15.314564939431497,15.447733879089354,15.262775372145116,15.447733879089355,9051900.0
2015-10-28,GLW,Close > High,13.943035326995773,14.378516197204588,13.9048358130967,14.37851619720459,15775600.0
2008-12-30,GS,Close > High,57.91099786163117,61.48500823974609,57.17671177500271,61.485008239746094,11031300.0
2011-05-31,HD,Close > High,25.80550300277524,25.87682723999023,25.691382590724107,25.876827239990234,8628100.0
2013-06-06,HON,Close > High,56.86343435284268,57.53014373779296,56.52266637701318,57.53014373779297,3002299.0
2009-03-10,IBM,Close > High,46.4200583673538,47.58724212646484,45.61830424835809,47.58724212646485,16646881.0
2011-01-14,IBM,Close > High,83.95559277397967,84.5814971923828,83.71876139948972,84.58149719238281,4753233.0
2011-10-14,IBM,Close > High,107.478521385213,108.81493377685544,107.21580573457848,108.81493377685548,5615137.0
2014-10-31,INTC,Close > High,25.71769059005056,25.92349052429199,24.871613209147306,25.923490524291992,52089700.0
2010-05-25,INTU,Close > High,29.47089526549305,30.733051300048825,29.47089526549305,30.733051300048828,6815500.0
2013-10-10,JNJ,Close > High,62.08836276003348,62.84728240966796,62.07404042945435,62.84728240966797,8647900.0
2008-02-15,JPM,Close > High,27.02300372417388,27.558238983154293,26.768128865357752,27.558238983154297,29031400.0
2012-03-26,JPM,Close > High,31.30228178119169,31.77718353271484,31.247221964235653,31.777183532714844,33529400.0
2011-02-08,KLAC,Close > High,26.774751284373625,26.832832336425778,26.350769574438072,26.83283233642578,2397700.0
2011-10-04,KLAC,Close > High,21.767891533855803,22.98940849304199,21.714524233163267,22.989408493041992,4498000.0
2011-10-21,KMI,Close > High,14.577204784578113,14.738613128662108,14.304828444453769,14.73861312866211,3718000.0
2013-01-18,KMI,Close > High,19.798931896809016,19.81482124328613,19.41757141722144,19.814821243286133,4698600.0
2013-08-29,KMI,Close > High,20.22410984976357,20.649765014648438,20.09313790886833,20.64976501464844,5132900.0
2017-02-02,KMI,Close > High,14.09822680160307,14.306668281555174,14.035062461214036,14.306668281555176,11032600.0
2009-05-29,KO,Close > High,14.131184887219378,14.777474403381346,14.113149647407814,14.777474403381348,45436800.0
2009-07-20,KO,Close > High,15.343294283665156,15.470623970031737,15.179583695629915,15.470623970031738,19104800.0
2012-06-29,KO,Close > High,25.55483000363255,25.906032562255856,25.538265442956423,25.90603256225586,18519800.0
2013-09-20,KO,Close > High,26.988977010811645,27.037012100219723,26.61155471158238,27.037012100219727,30675300.0
2015-08-12,KO,Close > High,29.76016390247642,29.854225158691403,29.55756427023756,29.854225158691406,9602200.0
2008-03-03,LMT,Close > High,60.48747553145893,60.915054321289055,59.98375900116157,60.91505432128906,1731000.0
2011-10-21,LMT,Close > High,50.01815540906623,50.66621017456054,49.514108929289726,50.66621017456055,2122300.0
2012-01-18,LMT,Close > High,54.10261850283259,54.560161590576165,53.93684260832595,54.56016159057617,1155900.0
2010-06-02,MMC,Close > High,15.67670905042814,15.911017417907711,15.574199488802831,15.911017417907717,3263700.0
2012-06-29,MMM,Close > High,49.14213075875736,49.68556594848632,48.99240778609367,49.68556594848633,5536762.0
2013-03-14,MMM,Close > High,59.53549006100404,59.92549514770507,59.4959211881805,59.92549514770508,2635266.0
2015-10-28,MO,Close > High,31.71735657875021,31.774242401123043,31.32431470632639,31.774242401123047,5143900.0
2018-12-31,MO,Close > High,29.008423257866767,29.197595596313477,28.730575399161594,29.19759559631348,9726400.0
2016-01-29,MPC,Close > High,29.74249338174238,30.644447326660156,29.2218509800021,30.64444732666016,7007500.0
2010-10-21,MRVL,Close > High,14.559476270399356,14.695864677429196,14.380467095876956,14.6958646774292,11848600.0
2012-02-08,MS,Close > High,14.686276244355987,14.824073791503904,14.57748928957655,14.824073791503906,25262600.0
2009-11-02,MSI,Close > High,28.44101718331057,28.63125801086425,27.997119924346823,28.631258010864254,17478491.0
2013-06-06,NEE,Close > High,13.717546082921706,13.973948478698729,13.685044273766596,13.97394847869873,11546400.0
2017-04-04,NEM,Close > High,26.92345629872888,27.050043106079094,26.773135408146597,27.0500431060791,4431600.0
2008-11-26,NOC,Close > High,24.434059154984244,25.405618667602536,23.84103081010964,25.40561866760254,2973879.0
2009-09-04,NOC,Close > High,31.00776709298289,31.57850074768066,30.936425728435253,31.578500747680664,2696403.0
2013-05-10,NSC,Close > High,59.843007571017935,60.10927963256835,59.61477105866294,60.10927963256836,1408200.0
2013-02-13,O,Close > High,23.74089211535116,23.788951873779293,23.607396056422782,23.788951873779297,1350888.0
2013-04-02,O,Close > High,24.5955010850184,24.627799987792965,24.48245598491316,24.62779998779297,1809922.0
2013-05-03,O,Close > High,27.80829278607928,27.975780487060543,27.6137905281082,27.975780487060547,1021680.0
2013-05-15,O,Close > High,28.8510228986932,29.30485916137695,28.683535276055693,29.304859161376957,1171010.0
2015-10-07,O,Close > High,28.776741128750903,28.904718399047848,28.53906802713988,28.90471839904785,2539236.0
2011-05-03,PEP,Close > High,44.75670254037298,45.21804428100585,44.75670254037298,45.21804428100586,6107500.0
2013-10-10,PEP,Close > High,56.04454112188265,56.55620574951171,55.93940396853446,56.55620574951172,4663300.0
2023-09-25,PFE,Close > High,28.84516648396512,29.10105895996093,28.59809974357295,29.101058959960938,19443700.0
2013-01-02,PGR,Close > High,15.18752507125579,15.357455253601072,15.12380108406568,15.357455253601074,16179600.0
2009-08-26,PLD,Close > High,13.61508875811036,13.752675056457518,13.459555974377643,13.75267505645752,1135800.0
2010-02-24,PLD,Close > High,14.530981268245014,14.6473274230957,14.457500346834824,14.647327423095703,950100.0
2011-05-17,PLD,Close > High,22.475190558877717,22.611442565917965,22.287031611026407,22.61144256591797,2347200.0
2014-10-28,PLD,Close > High,29.54217057272667,29.672248840332028,29.3687319636818,29.67224884033203,2626000.0
2011-05-31,PM,Close > High,35.75374856461788,36.22326278686523,35.72345856696615,36.223262786865234,8216000.0
2012-11-19,PM,Close > High,45.81014564184271,46.48988723754882,45.783386701804375,46.48988723754883,5035500.0
2016-06-08,PM,Close > High,62.20397756439007,63.11609649658202,62.17295124309637,63.11609649658203,4124400.0
2009-01-21,QCOM,Close > High,23.028673563506885,23.709486007690423,22.91630501674146,23.70948600769043,20421800.0
2009-06-19,QCOM,Close > High,30.27405751463052,30.66740036010742,30.1007211533389,30.667400360107425,22336800.0
2008-09-11,RTX,Close > High,26.331609261462265,26.724554061889645,26.05152950891904,26.72455406188965,11406319.0
2011-08-23,RTX,Close > High,30.79258786393573,31.56443405151367,30.6120382481237,31.564434051513672,10469921.0
2009-09-16,SBUX,Close > High,7.458157854511753,7.465680122375487,7.352848256508305,7.465680122375488,19974800.0
2009-11-17,SCCO,Close > High,18.42652281203853,18.664684295654293,18.2297805399262,18.664684295654297,2970237.0
2010-05-27,SCCO,Close > High,15.023546668103776,15.882797241210936,14.970176441906643,15.882797241210938,3216383.0
2017-08-28,SCCO,Close > High,28.29830190185204,28.85791206359863,28.229216171937555,28.857912063598636,1155207.0
2017-12-13,SCCO,Close > High,29.507442216050013,30.03547859191894,29.44491292204827,30.035478591918945,1100908.0
2010-04-06,SO,Close > High,16.93937601711515,17.19311141967773,16.898777423498345,17.193111419677734,3050600.0
2010-04-09,SO,Close > High,17.056092483523866,17.218482971191403,16.908925499122873,17.218482971191406,3197200.0
2013-01-18,SO,Close > High,24.85519809456517,25.051044464111325,24.820636194997224,25.051044464111328,4893100.0
2013-04-08,SO,Close > High,27.40903706308108,27.65948104858398,27.280902310930447,27.659481048583984,2651200.0
2013-04-19,SO,Close > High,27.950681763454824,28.25354194641113,27.898263227600197,28.253541946411133,3775600.0
2013-10-16,SO,Close > High,24.375584755951103,24.57802009582519,24.32199886388849,24.578020095825195,4030700.0
2013-05-17,SRE,Close > High,28.51330870064289,28.796325683593743,28.127992065883717,28.79632568359375,3296400.0
2010-12-14,T,Close > High,7.480038527357546,7.612360477447509,7.4748499580091154,7.61236047744751,35191920.0
2016-11-21,T,Close > High,14.91068036328014,14.938387870788572,14.827556841169454,14.938387870788574,22835558.0
2020-01-02,TDG,Close > High,466.1039220633051,471.62271118164057,464.690972037448,471.6227111816406,311700.0
2010-08-27,USB,Close > High,13.177807393777774,13.53396415710449,13.071585096664409,13.533964157104492,12039800.0
2014-10-28,USB,Close > High,28.0577749992184,28.371955871582028,28.03045424367792,28.37195587158203,5468000.0
2016-02-25,USB,Close > High,27.15020309955219,27.515768051147457,27.044753373097453,27.51576805114746,6335600.0
2023-11-02,USB,Close > High,29.63903943176929,31.384662628173825,29.60248103826128,31.384662628173828,15473500.0
2012-12-31,VZ,Close > High,22.05837917936147,22.442184448242184,22.03763449933541,22.442184448242188,14650300.0
2013-04-12,VZ,Close > High,26.77035046313936,26.96652793884277,26.743838298843794,26.966527938842773,9150300.0
2014-08-29,VZ,Close > High,27.66123128622665,27.879476547241207,27.64444384606254,27.87947654724121,11259700.0
2011-02-25,WELL,Close > High,27.022171512109185,27.51446723937988,26.978891769025644,27.514467239379883,1135000.0
2011-12-16,WELL,Close > High,29.01395077795086,29.37521362304687,28.889765867462955,29.375213623046875,3717500.0
2012-04-12,WELL,Close > High,30.337594737482,30.69787216186523,30.24037823173747,30.697872161865234,1411600.0
2013-05-10,WELL,Close > High,45.69441751829392,45.8340835571289,45.39080012614578,45.834083557128906,2730300.0
2013-05-15,WELL,Close > High,46.17411505370361,46.93923187255859,45.90693037315669,46.939231872558594,2039800.0
2016-04-25,WELL,Close > High,47.3981429736727,48.15557098388671,47.2522176436071,48.15557098388672,1492600.0
2017-09-14,WELL,Close > High,55.36156060766597,55.690689086914055,54.98006468333144,55.69068908691406,1651300.0
2012-11-23,WFC,Close > High,22.91750995243298,23.161685943603512,22.833793762372363,23.16168594360352,8783100.0
2008-12-30,WM,Close > High,19.96493228597643,20.85869216918945,19.88777381227801,20.858692169189453,4204400.0
2010-06-15,WM,Close > High,22.68226247019965,22.95546150207519,22.518345135409568,22.955461502075195,2322000.0
2011-01-14,WM,Close > High,25.426266339221858,25.76018142700195,25.426266339221858,25.760181427001957,2276300.0
2008-09-18,XOM,Close > High,40.969992230821866,41.75405502319335,40.03556179295599,41.75405502319336,48231100.0
2014-04-21,XOM,Close > High,61.65263579795544,62.207344055175774,61.566348369311406,62.20734405517578,8002100.0
2016-07-12,XOM,Close > High,62.70732670874176,62.89279174804687,62.32314623958501,62.89279174804688,9870800.0
2016-08-03,XOM,Close > High,57.63350414736861,57.95144271850585,57.36192677487734,57.95144271850586,14632900.0
2018-11-28,XOM,Close > High,56.130521245597606,57.15782928466796,55.98480004802696,57.15782928466797,11482100.0
