number,state,value,latent_dim,hidden1,hidden2,recon_mse,silhouette,calinski,davies,n_clusters_found,noise_ratio,largest_cluster_size,smallest_cluster_size,largest_share,size_ratio,penalty_small_k,penalty_imbalance,penalty_tiny_cluster,objective_value,batch_size,epochs,lr,algo,n_clusters,gmm_covariance_type,gmm_reg_covar,birch_threshold,birch_branching_factor,dbscan_eps,dbscan_min_samples,dbscan_metric,agglo_linkage,agglo_metric,spectral_affinity,spectral_n_neighbors,spectral_gamma
255,TrialState.COMPLETE,1583.205382123396,3,256,32,0.011957465370067562,0.597566545009613,1597.884765625,0.44337824686646865,12.0,0.0,25.0,4.0,0.16025641025641027,6.25,0.0,0.7339691750802005,0.0,1583.205382123396,8.0,107.0,0.00015109025473502967,agglo,12.0,,,,,,,,ward,,,,
259,TrialState.COMPLETE,1543.8741101004687,2,256,32,0.010636341104185262,0.5828498005867004,1555.996826171875,0.4218218665491215,12.0,0.0,22.0,4.0,0.14102564102564102,5.5,0.0,0.6061358035703155,0.0,1543.8741101004687,8.0,113.0,0.00011888144745442533,agglo,12.0,,,,,,,,ward,,,,
286,TrialState.COMPLETE,1542.9825320328289,2,256,32,0.015505597496740029,0.5803509950637817,1561.7479248046875,0.45237969553970564,12.0,0.0,23.0,3.0,0.14743589743589744,7.666666666666667,0.0,0.9382696385929304,0.0,1542.9825320328289,32.0,116.0,0.00011582018823780185,agglo,12.0,,,,,,,,ward,,,,
293,TrialState.COMPLETE,1515.6846105715551,2,256,32,0.015414422689029116,0.5693185329437256,1525.901123046875,0.4590947588508221,12.0,0.0,20.0,4.0,0.1282051282051282,5.0,0.0,0.5108256237659907,0.0,1515.6846105715551,32.0,137.0,0.00011891504232980279,agglo,12.0,,,,,,,,ward,,,,
296,TrialState.COMPLETE,1488.8789929129687,2,256,32,0.015254003721855012,0.569416344165802,1501.001708984375,0.42196798291526855,12.0,0.0,22.0,4.0,0.14102564102564102,5.5,0.0,0.6061358035703155,0.0,1488.8789929129687,32.0,138.0,0.0001236013278668207,agglo,12.0,,,,,,,,ward,,,,
267,TrialState.COMPLETE,1467.7890701418403,2,256,32,0.015577683720091022,0.5655946135520935,1472.516845703125,0.4760363553802842,12.0,0.0,19.0,5.0,0.12179487179487179,3.8,0.0,0.23638877806423034,0.0,1467.7890701418403,32.0,121.0,0.00011807777876973867,agglo,12.0,,,,,,,,ward,,,,
201,TrialState.COMPLETE,1461.9867345949926,2,256,32,0.015634434842264653,0.5594963431358337,1472.2032470703125,0.46094337724680173,12.0,0.0,20.0,4.0,0.1282051282051282,5.0,0.0,0.5108256237659907,0.0,1461.9867345949926,32.0,99.0,0.00013143936225522496,agglo,12.0,,,,,,,,ward,,,,
275,TrialState.COMPLETE,1454.7085435488257,2,256,32,0.015549801938187344,0.5333299040794373,1461.43798828125,0.4621924997033775,12.0,0.0,21.0,5.0,0.1346153846153846,4.2,0.0,0.336472236621213,0.0,1454.7085435488257,32.0,123.0,0.00012728549586807613,agglo,12.0,,,,,,,,ward,,,,
282,TrialState.COMPLETE,1451.1896853531414,2,256,32,0.01571308909879425,0.5811174511909485,1469.955078125,0.43350428579367567,12.0,0.0,23.0,3.0,0.14743589743589744,7.666666666666667,0.0,0.9382696385929304,0.0,1451.1896853531414,32.0,114.0,0.00010002059794846562,agglo,12.0,,,,,,,,ward,,,,
252,TrialState.COMPLETE,1445.4448981182104,2,256,32,0.015658961832851183,0.5339250564575195,1454.844970703125,0.490630716600694,12.0,0.0,24.0,5.0,0.15384615384615385,4.8,0.0,0.47000362924573547,0.0,1445.4448981182104,32.0,98.0,0.00012836946870127257,agglo,12.0,,,,,,,,ward,,,,
241,TrialState.COMPLETE,1428.6145006215447,2,256,32,0.01566496747516061,0.5503559708595276,1531.6680908203125,0.46428586556487145,12.0,0.0,19.0,2.0,0.12179487179487179,9.5,0.0,1.1526795099383853,1.0,1428.6145006215447,32.0,106.0,0.00012760987009682355,agglo,12.0,,,,,,,,ward,,,,
270,TrialState.COMPLETE,1416.6384976331487,2,256,32,0.0155816760030888,0.5352563261985779,1425.1873779296875,0.4808413370133107,12.0,0.0,23.0,5.0,0.14743589743589744,4.6,0.0,0.42744401482693956,0.0,1416.6384976331487,32.0,120.0,0.00012589973643821966,agglo,12.0,,,,,,,,ward,,,,
266,TrialState.COMPLETE,1411.6689167403636,2,256,32,0.015535820035962893,0.5700727701187134,1425.5318603515625,0.441064854424192,12.0,0.0,24.0,4.0,0.15384615384615385,6.0,0.0,0.6931471805599453,0.0,1411.6689167403636,32.0,116.0,0.00011660694804434718,agglo,12.0,,,,,,,,ward,,,,
116,TrialState.COMPLETE,1405.6560175462937,2,256,32,0.015697459823931472,0.5497628450393677,1509.7354736328125,0.44616266581693226,12.0,0.0,20.0,2.0,0.1282051282051282,10.0,0.0,1.2039728043259361,1.0,1405.6560175462937,32.0,120.0,0.00011362868149865356,agglo,12.0,,,,,,,,ward,,,,
177,TrialState.COMPLETE,1405.17166934103,2,128,64,0.014804890140677983,0.5901364088058472,1510.2269287109375,0.42590806966068767,12.0,0.0,21.0,2.0,0.1346153846153846,10.5,0.0,1.252762968495368,1.0,1405.17166934103,32.0,103.0,0.00014488700570434028,agglo,12.0,,,,,,,,ward,,,,
13,TrialState.COMPLETE,1402.6734736009812,2,256,32,0.015849133007438173,0.5869470238685608,1506.7529296875,0.4397684575591814,12.0,0.0,20.0,2.0,0.1282051282051282,10.0,0.0,1.2039728043259361,1.0,1402.6734736009812,32.0,102.0,0.00010098838632573882,agglo,12.0,,,,,,,,ward,,,,
135,TrialState.COMPLETE,1396.9493289078289,2,256,32,0.015712550587906594,0.534457802772522,1415.7147216796875,0.4758273472508563,12.0,0.0,23.0,3.0,0.14743589743589744,7.666666666666667,0.0,0.9382696385929304,0.0,1396.9493289078289,32.0,105.0,0.00011069941592089497,agglo,12.0,,,,,,,,ward,,,,
269,TrialState.COMPLETE,1392.1938552980903,2,256,32,0.015578677508017693,0.53834068775177,1396.921630859375,0.4911441521504763,12.0,0.0,19.0,5.0,0.12179487179487179,3.8,0.0,0.23638877806423034,0.0,1392.1938552980903,32.0,120.0,0.0001185113169065064,agglo,12.0,,,,,,,,ward,,,,
227,TrialState.COMPLETE,1391.3341931082812,2,256,32,0.01554090128072674,0.5761234760284424,1403.4569091796875,0.4352561084827146,12.0,0.0,22.0,4.0,0.14102564102564102,5.5,0.0,0.6061358035703155,0.0,1391.3341931082812,32.0,136.0,0.00010685538980460699,agglo,12.0,,,,,,,,ward,,,,
115,TrialState.COMPLETE,1385.3896198653636,2,256,32,0.015610248400979826,0.5741371512413025,1399.2525634765625,0.42693508863882457,12.0,0.0,24.0,4.0,0.15384615384615385,6.0,0.0,0.6931471805599453,0.0,1385.3896198653636,32.0,107.0,0.00011388810809594195,agglo,12.0,,,,,,,,ward,,,,
237,TrialState.COMPLETE,1382.678038373396,2,256,32,0.015428366348674465,0.5463024973869324,1397.357421875,0.4537608472718731,12.0,0.0,25.0,4.0,0.16025641025641027,6.25,0.0,0.7339691750802005,0.0,1382.678038373396,32.0,133.0,0.0001207268317943872,agglo,12.0,,,,,,,,ward,,,,
268,TrialState.COMPLETE,1381.6141742238426,2,256,32,0.015615779558439014,0.5711708664894104,1486.66943359375,0.45392973798750763,12.0,0.0,21.0,2.0,0.1346153846153846,10.5,0.0,1.252762968495368,1.0,1381.6141742238426,32.0,123.0,0.00011743953950366096,agglo,12.0,,,,,,,,ward,,,,
245,TrialState.COMPLETE,1378.224798499104,2,256,32,0.014662818180611535,0.5646722316741943,1389.4171142578125,0.4595221081200202,12.0,0.0,21.0,4.0,0.1346153846153846,5.25,0.0,0.5596157879354227,0.0,1378.224798499104,16.0,97.0,0.000111193346032729,agglo,12.0,,,,,,,,ward,,,,
21,TrialState.COMPLETE,1377.263619227518,2,256,32,0.015794827506850413,0.5592431426048279,1392.7274169921875,0.46683355593946496,12.0,0.0,26.0,4.0,0.16666666666666666,6.5,0.0,0.7731898882334817,0.0,1377.263619227518,32.0,107.0,0.00010210267982568535,agglo,12.0,,,,,,,,ward,,,,
44,TrialState.COMPLETE,1370.7341979131666,2,256,32,0.01587030088062395,0.5422075986862183,1381.926513671875,0.4855627781606018,12.0,0.0,21.0,4.0,0.1346153846153846,5.25,0.0,0.5596157879354227,0.0,1370.7341979131666,32.0,93.0,0.00010028420306353028,agglo,12.0,,,,,,,,ward,,,,
298,TrialState.COMPLETE,1368.7636375188185,2,256,32,0.015371590481302592,0.5318995714187622,1385.7095947265625,0.4751649176653821,12.0,0.0,28.0,4.0,0.1794871794871795,7.0,0.0,0.8472978603872037,0.0,1368.7636375188185,32.0,150.0,0.00013001177109923196,agglo,12.0,,,,,,,,ward,,,,
280,TrialState.COMPLETE,1362.167960838203,2,256,32,0.015671419569298493,0.5278882384300232,1381.7845458984375,0.47474557010940427,12.0,0.0,24.0,3.0,0.15384615384615385,8.0,0.0,0.9808292530117262,0.0,1362.167960838203,32.0,114.0,0.00010732715037644351,agglo,12.0,,,,,,,,ward,,,,
178,TrialState.COMPLETE,1360.5144623877072,2,128,64,0.014858869800648308,0.579486072063446,1466.5001220703125,0.4368267916161008,12.0,0.0,22.0,2.0,0.14102564102564102,11.0,0.0,1.2992829841302609,1.0,1360.5144623877072,32.0,104.0,0.00014112153210277687,agglo,12.0,,,,,,,,ward,,,,
55,TrialState.COMPLETE,1349.633116498396,2,256,32,0.015532502448964784,0.5587839484214783,1364.3125,0.4452548158463267,12.0,0.0,25.0,4.0,0.16025641025641027,6.25,0.0,0.7339691750802005,0.0,1349.633116498396,32.0,116.0,0.00011402597362575282,agglo,12.0,,,,,,,,ward,,,,
287,TrialState.COMPLETE,1348.2560619634228,2,256,32,0.015540295455978128,0.5575858950614929,1368.6890869140625,0.4604696103078376,12.0,0.0,25.0,3.0,0.16025641025641027,8.333333333333334,0.0,1.0216512475319814,0.0,1348.2560619634228,32.0,117.0,0.00011296536210855655,agglo,12.0,,,,,,,,ward,,,,
126,TrialState.COMPLETE,1347.8481119584271,2,256,32,0.0157145040742211,0.5638555884361267,1360.85986328125,0.4509146951363838,12.0,0.0,23.0,4.0,0.14743589743589744,5.75,0.0,0.6505875661411494,0.0,1347.8481119584271,32.0,96.0,0.00011267100665632945,agglo,12.0,,,,,,,,ward,,,,
236,TrialState.COMPLETE,1339.592677811572,2,256,32,0.01555463953792233,0.5178928971290588,1342.2633056640625,0.5173851292265782,12.0,0.0,24.0,7.0,0.15384615384615385,3.4285714285714284,0.0,0.13353139262452257,0.0,1339.592677811572,32.0,131.0,0.00011953246894644242,kmeans,12.0,,,,,,,,,,,,
265,TrialState.COMPLETE,1337.7650745062085,3,256,32,0.014484713988969868,0.5516945123672485,1352.4444580078125,0.46481793959013934,12.0,0.0,25.0,4.0,0.16025641025641027,6.25,0.0,0.7339691750802005,0.0,1337.7650745062085,8.0,99.0,0.00010792378575817783,agglo,12.0,,,,,,,,ward,,,,
189,TrialState.COMPLETE,1337.0032822025953,2,256,32,0.015607964574920936,0.5372488498687744,1359.702880859375,0.45126898585418185,12.0,0.0,28.0,3.0,0.1794871794871795,9.333333333333334,0.0,1.1349799328389845,0.0,1337.0032822025953,32.0,125.0,0.00010034728882809658,agglo,12.0,,,,,,,,ward,,,,
118,TrialState.COMPLETE,1335.1911607777947,2,256,32,0.015546822304840774,0.5294488072395325,1438.2447509765625,0.5038307449001652,12.0,0.0,19.0,2.0,0.12179487179487179,9.5,0.0,1.1526795099383853,1.0,1335.1911607777947,32.0,135.0,0.00011558762463258305,kmeans,12.0,,,,,,,,,,,,
249,TrialState.COMPLETE,1329.7163980912396,2,256,32,0.014621157822413031,0.5460070371627808,1342.7281494140625,0.45558121399120693,12.0,0.0,23.0,4.0,0.14743589743589744,5.75,0.0,0.6505875661411494,0.0,1329.7163980912396,16.0,104.0,0.00013994715829929318,agglo,12.0,,,,,,,,ward,,,,
299,TrialState.COMPLETE,1323.6894973907004,2,256,32,0.01545970968963876,0.5531095862388611,1345.6617431640625,0.4470023733006847,12.0,0.0,27.0,3.0,0.17307692307692307,9.0,0.0,1.0986122886681098,0.0,1323.6894973907004,32.0,140.0,0.00010833976884124876,agglo,12.0,,,,,,,,ward,,,,
271,TrialState.COMPLETE,1321.1837739111447,2,256,32,0.015594679691287573,0.5413196682929993,1427.16943359375,0.4669966897124709,12.0,0.0,22.0,2.0,0.14102564102564102,11.0,0.0,1.2992829841302609,1.0,1321.1837739111447,32.0,121.0,0.00012464152252134159,agglo,12.0,,,,,,,,ward,,,,
125,TrialState.COMPLETE,1314.245353416328,2,256,32,0.015614437607303485,0.5489898920059204,1333.8619384765625,0.46787913545871557,12.0,0.0,24.0,3.0,0.15384615384615385,8.0,0.0,0.9808292530117262,0.0,1314.245353416328,32.0,106.0,0.00011254014327420743,agglo,12.0,,,,,,,,ward,,,,
276,TrialState.COMPLETE,1313.344331779426,2,256,32,0.015481584790972943,0.5238755345344543,1327.207275390625,0.45632874894397446,12.0,0.0,24.0,4.0,0.15384615384615385,6.0,0.0,0.6931471805599453,0.0,1313.344331779426,32.0,124.0,0.00012617417598315896,agglo,12.0,,,,,,,,ward,,,,
179,TrialState.COMPLETE,1311.5704954956657,2,128,64,0.014800930389828946,0.5808245539665222,1418.4451904296875,0.42844533501273374,12.0,0.0,23.0,2.0,0.14743589743589744,11.5,0.0,1.3437347467010947,1.0,1311.5704954956657,32.0,103.0,0.0001466911709309645,agglo,12.0,,,,,,,,ward,,,,
54,TrialState.COMPLETE,1311.2767718800926,2,256,32,0.015772944791609077,0.5225919485092163,1416.33203125,0.4572567508140967,12.0,0.0,21.0,2.0,0.1346153846153846,10.5,0.0,1.252762968495368,1.0,1311.2767718800926,32.0,108.0,0.00011337585772098635,agglo,12.0,,,,,,,,ward,,,,
138,TrialState.COMPLETE,1309.9971508306103,2,256,32,0.01579272485717307,0.5465505123138428,1330.43017578125,0.4891161074363277,11.0,0.0,25.0,3.0,0.16025641025641027,8.333333333333334,0.0,1.0216512475319814,0.0,1309.9971508306103,32.0,88.0,0.0001220823998884352,agglo,11.0,,,,,,,,ward,,,,
289,TrialState.COMPLETE,1293.4338959814572,2,256,32,0.015567780795579871,0.5214534401893616,1399.4195556640625,0.4953685225127435,12.0,0.0,22.0,2.0,0.14102564102564102,11.0,0.0,1.2992829841302609,1.0,1293.4338959814572,32.0,119.0,0.00012484902273927095,agglo,12.0,,,,,,,,ward,,,,
284,TrialState.COMPLETE,1289.315618811604,2,256,32,0.015562027796553211,0.5436164140701294,1300.5079345703125,0.47568403527883674,12.0,0.0,21.0,4.0,0.1346153846153846,5.25,0.0,0.5596157879354227,0.0,1289.315618811604,32.0,117.0,0.00010524464862369925,agglo,12.0,,,,,,,,ward,,,,
217,TrialState.COMPLETE,1288.5070015522806,2,256,32,0.015589019097406802,0.5391227602958679,1306.15478515625,0.44941853607166565,12.0,0.0,29.0,4.0,0.1858974358974359,7.25,0.0,0.8823891801984737,0.0,1288.5070015522806,32.0,120.0,0.0001085939383807249,agglo,12.0,,,,,,,,ward,,,,
248,TrialState.COMPLETE,1286.7831219053814,2,256,32,0.015770403390532105,0.5862628221511841,1396.10986328125,0.37736506793308217,12.0,0.0,26.0,2.0,0.16666666666666666,13.0,0.0,1.466337068793427,1.0,1286.7831219053814,16.0,46.0,0.00011409671678240275,agglo,12.0,,,,,,,,ward,,,,
228,TrialState.COMPLETE,1286.2855823187085,2,256,32,0.015543429270944525,0.5494375824928284,1300.9649658203125,0.49180635586736376,12.0,0.0,25.0,4.0,0.16025641025641027,6.25,0.0,0.7339691750802005,0.0,1286.2855823187085,32.0,125.0,0.00010035456838336858,agglo,12.0,,,,,,,,ward,,,,
31,TrialState.COMPLETE,1285.5887097098437,2,256,32,0.01576534334357794,0.5397056341171265,1297.71142578125,0.4722392990462166,12.0,0.0,22.0,4.0,0.14102564102564102,5.5,0.0,0.6061358035703155,0.0,1285.5887097098437,32.0,108.0,0.00010406854477643999,agglo,12.0,,,,,,,,ward,,,,
180,TrialState.COMPLETE,1278.947940902602,3,128,64,0.015037279392162355,0.5647532939910889,1386.673828125,0.4367616610388058,12.0,0.0,24.0,2.0,0.15384615384615385,12.0,0.0,1.3862943611198906,1.0,1278.947940902602,32.0,94.0,0.00013334644411851473,agglo,12.0,,,,,,,,ward,,,,
183,TrialState.COMPLETE,1278.461579137197,2,128,64,0.014852320456150894,0.5800294280052185,1387.00390625,0.4310298719770706,12.0,0.0,25.0,2.0,0.16025641025641027,12.5,0.0,1.4271163556401458,1.0,1278.461579137197,32.0,118.0,0.00012293600591555356,agglo,12.0,,,,,,,,ward,,,,
285,TrialState.COMPLETE,1277.092866935676,2,256,32,0.015766675950372875,0.533202588558197,1290.955810546875,0.49066033054408237,11.0,0.0,24.0,4.0,0.15384615384615385,6.0,0.0,0.6931471805599453,0.0,1277.092866935676,32.0,111.0,0.00010190121825990615,agglo,11.0,,,,,,,,ward,,,,
190,TrialState.COMPLETE,1276.7461546753532,2,128,32,0.015331446501930732,0.5602264404296875,1383.620849609375,0.43928182550031164,12.0,0.0,23.0,2.0,0.14743589743589744,11.5,0.0,1.3437347467010947,1.0,1276.7461546753532,32.0,127.0,0.00010644079024537397,agglo,12.0,,,,,,,,ward,,,,
246,TrialState.COMPLETE,1264.8854358343335,2,256,32,0.014232325793721303,0.5277778506278992,1279.5648193359375,0.47527975121637595,12.0,0.0,25.0,4.0,0.16025641025641027,6.25,0.0,0.7339691750802005,0.0,1264.8854358343335,16.0,108.0,0.00010702080574445757,agglo,12.0,,,,,,,,ward,,,,
216,TrialState.COMPLETE,1261.5306513353562,2,256,32,0.015661060848618295,0.5686286687850952,1365.610107421875,0.4535548439382113,12.0,0.0,20.0,2.0,0.1282051282051282,10.0,0.0,1.2039728043259361,1.0,1261.5306513353562,32.0,101.0,0.00011879786006792962,agglo,12.0,,,,,,,,ward,,,,
277,TrialState.COMPLETE,1247.768839678819,2,256,32,0.015604352987280756,0.5280119776725769,1357.0955810546875,0.4533182923355458,12.0,0.0,26.0,2.0,0.16666666666666666,13.0,0.0,1.466337068793427,1.0,1247.768839678819,32.0,122.0,0.00011516196695480363,agglo,12.0,,,,,,,,ward,,,,
10,TrialState.COMPLETE,1245.5740327002072,2,256,32,0.015595772979137251,0.5653886795043945,1351.5596923828125,0.4338283979205532,12.0,0.0,22.0,2.0,0.14102564102564102,11.0,0.0,1.2992829841302609,1.0,1245.5740327002072,32.0,108.0,0.00011635711727477803,agglo,12.0,,,,,,,,ward,,,,
291,TrialState.COMPLETE,1230.7050731582244,2,256,32,0.015635548203142276,0.562026858329773,1340.78662109375,0.41812100124681595,12.0,0.0,27.0,2.0,0.17307692307692307,13.5,0.0,1.5040773967762742,1.0,1230.7050731582244,32.0,109.0,0.00011001211758890041,agglo,12.0,,,,,,,,ward,,,,
238,TrialState.COMPLETE,1214.9584911269744,2,256,32,0.01543305997634694,0.557896614074707,1325.0400390625,0.43991509753523056,12.0,0.0,27.0,2.0,0.17307692307692307,13.5,0.0,1.5040773967762742,1.0,1214.9584911269744,32.0,134.0,0.00012117016405226542,kmeans,12.0,,,,,,,,,,,,
11,TrialState.COMPLETE,1210.9313325048947,2,256,32,0.01570887064814539,0.5387211441993713,1316.9169921875,0.4585299721816214,12.0,0.0,22.0,2.0,0.14102564102564102,11.0,0.0,1.2992829841302609,1.0,1210.9313325048947,32.0,109.0,0.00010744945291758903,agglo,12.0,,,,,,,,ward,,,,
32,TrialState.COMPLETE,1204.0347267292163,2,256,32,0.015558636839177093,0.5396778583526611,1218.553466796875,0.4783047422247384,11.0,0.0,31.0,5.0,0.1987179487179487,6.2,0.0,0.7259370033829363,0.0,1204.0347267292163,32.0,118.0,0.00012629254763863685,agglo,11.0,,,,,,,,ward,,,,
220,TrialState.COMPLETE,1202.2739497270022,2,256,32,0.015615881827055532,0.5457574725151062,1215.4588623046875,0.4797350983270982,11.0,0.0,29.0,5.0,0.1858974358974359,5.8,0.0,0.659245628884264,0.0,1202.2739497270022,32.0,124.0,0.00010643367959080319,agglo,11.0,,,,,,,,ward,,,,
297,TrialState.COMPLETE,1197.7849433950096,2,256,32,0.015504590557519187,0.5532248020172119,1306.3272705078125,0.44792848520692247,12.0,0.0,25.0,2.0,0.16025641025641027,12.5,0.0,1.4271163556401458,1.0,1197.7849433950096,32.0,145.0,0.00010004305909734367,agglo,12.0,,,,,,,,ward,,,,
226,TrialState.COMPLETE,1193.373960509182,2,256,32,0.015540571114025696,0.5273664593696594,1304.182861328125,0.4824744744187593,12.0,0.0,28.0,2.0,0.1794871794871795,14.0,0.0,1.540445040947149,1.0,1193.373960509182,32.0,130.0,0.00011546194098047572,kmeans,12.0,,,,,,,,,,,,
222,TrialState.COMPLETE,1192.0623975388646,2,256,32,0.015715277404927053,0.5350648760795593,1192.9927978515625,0.49064762668278816,11.0,0.0,22.0,7.0,0.14102564102564102,3.142857142857143,0.0,0.04652001563489291,0.0,1192.0623975388646,32.0,104.0,0.00011458169627769105,agglo,11.0,,,,,,,,ward,,,,
215,TrialState.COMPLETE,1180.2810371450096,3,128,64,0.014337508200593306,0.5569233298301697,1288.8233642578125,0.4461928677805607,12.0,0.0,25.0,2.0,0.16025641025641027,12.5,0.0,1.4271163556401458,1.0,1180.2810371450096,32.0,117.0,0.00016235632541213696,agglo,12.0,,,,,,,,ward,,,,
254,TrialState.COMPLETE,1176.0381450794946,2,128,32,0.01546501277597008,0.561519205570221,1286.8470458984375,0.43000698832174644,11.0,0.0,28.0,2.0,0.1794871794871795,14.0,0.0,1.540445040947149,1.0,1176.0381450794946,32.0,101.0,0.00012758156807269203,agglo,11.0,,,,,,,,ward,,,,
12,TrialState.COMPLETE,1154.360035175677,2,256,32,0.015523072105827086,0.5592473149299622,1165.3609619140625,0.48403600207200437,9.0,0.0,26.0,5.0,0.16666666666666666,5.2,0.0,0.550046336919272,0.0,1154.360035175677,32.0,121.0,0.00011942031771254431,kmeans,9.0,,,,,,,,,,,,
136,TrialState.COMPLETE,1151.7411297178814,2,256,32,0.01573485345238804,0.5349695086479187,1261.06787109375,0.4628813845567567,12.0,0.0,26.0,2.0,0.16666666666666666,13.0,0.0,1.466337068793427,1.0,1151.7411297178814,32.0,100.0,0.00010875493006308099,agglo,12.0,,,,,,,,ward,,,,
211,TrialState.COMPLETE,1119.75048828125,4,256,32,0.00477007104071623,0.8168982863426208,1199.75048828125,0.19443571622384803,22.0,0.6602564102564102,3.0,2.0,0.05660377358490566,1.5,0.0,0.0,1.0,1119.75048828125,32.0,105.0,0.0016896748668114212,dbscan,,,,,,0.2491075162371259,2.0,manhattan,,,,,
243,TrialState.COMPLETE,1113.016544418227,3,128,64,0.01496053138111425,0.5504519939422607,1220.742431640625,0.44623111558295586,11.0,0.0,24.0,2.0,0.15384615384615385,12.0,0.0,1.3862943611198906,1.0,1113.016544418227,32.0,101.0,0.00013184791471912777,agglo,11.0,,,,,,,,ward,,,,
181,TrialState.COMPLETE,1091.181827621352,2,128,64,0.014711778112726935,0.5770919919013977,1198.90771484375,0.4412466985822914,11.0,0.0,24.0,2.0,0.15384615384615385,12.0,0.0,1.3862943611198906,1.0,1091.181827621352,32.0,107.0,0.0001584718137827875,agglo,11.0,,,,,,,,ward,,,,
256,TrialState.COMPLETE,1067.3515837149093,2,256,32,0.010249482980922672,0.5715770721435547,1434.05908203125,0.3847465209783649,12.0,0.0,31.0,1.0,0.1987179487179487,31.0,0.0,2.3353749158170367,4.0,1067.3515837149093,8.0,104.0,0.00014315478290519444,agglo,12.0,,,,,,,,ward,,,,
251,TrialState.COMPLETE,1033.4431801604146,2,256,32,0.015880970560193965,0.495907723903656,1141.1690673828125,0.4879810972751888,12.0,0.0,24.0,2.0,0.15384615384615385,12.0,0.0,1.3862943611198906,1.0,1033.4431801604146,32.0,87.0,0.00010691253558028083,agglo,12.0,,,,,,,,complete,euclidean,,,
188,TrialState.COMPLETE,1030.5106585988426,2,256,32,0.01562260352272393,0.5518921613693237,1135.56591796875,0.4259744939683973,12.0,0.0,21.0,2.0,0.1346153846153846,10.5,0.0,1.252762968495368,1.0,1030.5106585988426,32.0,109.0,0.00012077878440304405,gmm,12.0,full,1.0241010893278078e-06,,,,,,,,,,
14,TrialState.COMPLETE,970.6219502399092,4,512,256,0.007653660139864872,0.5104647874832153,1349.15673828125,0.4207189435336126,10.0,0.0,56.0,1.0,0.358974358974359,56.0,0.0,2.9267394020670396,4.0,970.6219502399092,32.0,100.0,0.0021621531887333,agglo,10.0,,,,,,,,ward,,,,
258,TrialState.COMPLETE,859.4290659373958,3,256,32,0.013065263120475843,0.49316656589508057,870.4299926757812,0.5602667427802387,12.0,0.0,26.0,5.0,0.16666666666666666,5.2,0.0,0.550046336919272,0.0,859.4290659373958,8.0,98.0,0.00013044699704524874,agglo,12.0,,,,,,,,ward,,,,
260,TrialState.COMPLETE,728.4738633533202,2,256,32,0.010723412362027973,0.534697949886322,1093.8475341796875,0.47321526001682646,12.0,0.0,29.0,1.0,0.1858974358974359,29.0,0.0,2.268683541318364,4.0,728.4738633533202,8.0,112.0,0.00012122073330229422,agglo,12.0,,,,,,,,ward,,,,
176,TrialState.COMPLETE,641.5990398741314,3,256,32,0.01571205689524513,0.41858476400375366,750.92578125,0.663731024257197,12.0,0.0,26.0,2.0,0.16666666666666666,13.0,0.0,1.466337068793427,1.0,641.5990398741314,32.0,81.0,0.0001253692873203766,kmeans,12.0,,,,,,,,,,,,
213,TrialState.COMPLETE,460.50187237536625,2,256,32,0.015670473022204832,0.5347833037376404,472.0091552734375,0.5471909777320648,4.0,0.0,64.0,12.0,0.41025641025641024,5.333333333333333,0.0,0.5753641449035618,0.0,460.50187237536625,32.0,95.0,0.00013086370365897275,birch,11.0,,,0.7695472214153195,82.0,,,,,,,,
240,TrialState.COMPLETE,415.0695550380609,2,256,32,0.015337123188842528,0.5506247282028198,450.172119140625,0.5372890281316874,3.0,0.0,71.0,34.0,0.4551282051282051,2.088235294117647,1.0,0.00512820512820511,0.0,415.0695550380609,32.0,136.0,0.00011149330187920421,birch,12.0,,,1.0982583583843255,22.0,,,,,,,,
221,TrialState.COMPLETE,261.21480003886956,3,64,32,0.012283634942898908,0.42206254601478577,280.1964111328125,0.7764957315486232,12.0,0.0,31.0,4.0,0.1987179487179487,7.75,0.0,0.949080554697146,0.0,261.21480003886956,32.0,111.0,0.0001421867926364438,agglo,12.0,,,,,,,,ward,,,,
187,TrialState.COMPLETE,256.4210491322289,3,64,64,0.0141228463745221,0.42002928256988525,367.2299499511719,0.6947491136039129,11.0,0.0,28.0,2.0,0.1794871794871795,14.0,0.0,1.540445040947149,1.0,256.4210491322289,32.0,103.0,0.00024412683462012995,agglo,11.0,,,,,,,,ward,,,,
43,TrialState.COMPLETE,255.55891697308275,3,64,64,0.011815008475081582,0.4045295715332031,265.1956787109375,0.8236516137623171,8.0,0.0,34.0,7.0,0.21794871794871795,4.857142857142857,0.0,0.48183808689273827,0.0,255.55891697308275,32.0,115.0,0.00013667823752856796,birch,8.0,,,0.10514030852336498,32.0,,,,,,,,
123,TrialState.COMPLETE,211.4122333907542,3,256,32,0.010850991963634517,0.36930468678474426,225.27517700195312,0.8075426844018608,12.0,0.0,18.0,3.0,0.11538461538461539,6.0,0.0,0.6931471805599453,0.0,211.4122333907542,32.0,129.0,0.0001138387234881353,kmeans,12.0,,,,,,,,,,,,
117,TrialState.COMPLETE,210.8755340576172,3,256,32,0.008069855685643912,0.39702436327934265,210.8755340576172,0.7608030089579499,11.0,0.0,22.0,8.0,0.14102564102564102,2.75,0.0,0.0,0.0,210.8755340576172,32.0,120.0,0.00014791407080924488,agglo,11.0,,,,,,,,ward,,,,
56,TrialState.COMPLETE,210.5129984330364,3,256,32,0.01007646016382736,0.4193744659423828,223.52474975585938,0.7328023140413573,12.0,0.0,23.0,4.0,0.14743589743589744,5.75,0.0,0.6505875661411494,0.0,210.5129984330364,32.0,118.0,0.00011534968770840293,agglo,12.0,,,,,,,,ward,,,,
50,TrialState.COMPLETE,191.23716618101318,5,256,128,0.0067837249586622985,0.3909239172935486,205.9165496826172,0.7577687823056181,11.0,0.0,25.0,4.0,0.16025641025641027,6.25,0.0,0.7339691750802005,0.0,191.23716618101318,32.0,101.0,0.00016477683101287608,kmeans,11.0,,,,,,,,,,,,
295,TrialState.COMPLETE,189.10711658941563,3,256,32,0.01347945374280627,0.38325753808021545,295.9818115234375,0.682899437722158,12.0,0.0,23.0,2.0,0.14743589743589744,11.5,0.0,1.3437347467010947,1.0,189.10711658941563,32.0,108.0,0.00011465973943599875,agglo,12.0,,,,,,,,ward,,,,
175,TrialState.COMPLETE,182.36480907434796,13,256,32,0.007021617853714107,0.3636202812194824,196.22775268554688,0.7725298854544184,12.0,0.0,24.0,4.0,0.15384615384615385,6.0,0.0,0.6931471805599453,0.0,182.36480907434796,32.0,112.0,0.0001820773736274919,agglo,12.0,,,,,,,,ward,,,,
9,TrialState.COMPLETE,179.48921398157452,7,64,32,0.00754548701405705,0.3952924609184265,193.35215759277344,0.7711738991292212,11.0,0.0,24.0,4.0,0.15384615384615385,6.0,0.0,0.6931471805599453,0.0,179.48921398157452,8.0,78.0,0.00014393910893270912,agglo,11.0,,,,,,,,ward,,,,
23,TrialState.COMPLETE,157.92076511504357,4,256,32,0.005928351547931135,0.35836103558540344,169.67649841308594,0.744300251699113,11.0,0.0,27.0,5.0,0.17307692307692307,5.4,0.0,0.5877866649021191,0.0,157.92076511504357,32.0,124.0,0.00026905448457790565,agglo,11.0,,,,,,,,ward,,,,
229,TrialState.COMPLETE,154.17413381256588,3,256,32,0.007638484671172682,0.39564159512519836,172.0504913330078,0.753667105823672,12.0,0.0,22.0,3.0,0.14102564102564102,7.333333333333333,0.0,0.8938178760220964,0.0,154.17413381256588,32.0,144.0,0.00011297077102244229,agglo,12.0,,,,,,,,ward,,,,
250,TrialState.COMPLETE,151.1705840320263,2,64,32,0.007699638664939423,0.3665821850299835,158.83042907714844,0.7742736966177298,12.0,0.0,22.0,5.0,0.14102564102564102,4.4,0.0,0.3829922522561059,0.0,151.1705840320263,16.0,115.0,0.00011774577333902936,agglo,12.0,,,,,,,,ward,,,,
46,TrialState.COMPLETE,151.13853855657692,3,256,32,0.013517277903103612,0.43813031911849976,263.98309326171875,0.6084668952896135,12.0,0.0,31.0,2.0,0.1987179487179487,15.5,0.0,1.6422277352570913,1.0,151.13853855657692,32.0,81.0,0.0001289133115740416,spectral,12.0,,,,,,,,,,rbf,,5.4289431855433135
184,TrialState.COMPLETE,147.53048554987998,8,128,64,0.007385977140907761,0.36761757731437683,169.5027313232422,0.7370820732990885,12.0,0.0,27.0,3.0,0.17307692307692307,9.0,0.0,1.0986122886681098,0.0,147.53048554987998,32.0,109.0,0.00014165847786170156,agglo,12.0,,,,,,,,ward,,,,
231,TrialState.COMPLETE,146.0646024358687,3,512,32,0.007253621391583898,0.37256887555122375,155.2552490234375,0.8132368837547442,12.0,0.0,19.0,4.0,0.12179487179487179,4.75,0.0,0.45953232937844013,0.0,146.0646024358687,32.0,84.0,0.00010609812464175162,agglo,12.0,,,,,,,,ward,,,,
137,TrialState.COMPLETE,145.47961220256764,3,256,32,0.007442945345956893,0.3826494812965393,158.49136352539062,0.7767072408558501,12.0,0.0,23.0,4.0,0.14743589743589744,5.75,0.0,0.6505875661411494,0.0,145.47961220256764,32.0,115.0,0.0001393785055205714,agglo,12.0,,,,,,,,ward,,,,
281,TrialState.COMPLETE,143.2365043593538,3,256,32,0.007607436715197213,0.36627039313316345,158.70030212402344,0.7960514831546045,12.0,0.0,26.0,4.0,0.16666666666666666,6.5,0.0,0.7731898882334817,0.0,143.2365043593538,32.0,123.0,0.0001289019656866253,birch,12.0,,,0.4215941340122852,46.0,,,,,,,,
132,TrialState.COMPLETE,143.11578686105742,5,128,32,0.008549915819396616,0.3600839078426361,166.5172119140625,0.7410028785457919,12.0,0.0,29.0,3.0,0.1858974358974359,9.666666666666666,0.0,1.1700712526502546,0.0,143.11578686105742,32.0,94.0,0.00011199925733680899,agglo,12.0,,,,,,,,ward,,,,
239,TrialState.COMPLETE,141.01304137488276,3,256,32,0.006986945764455991,0.3906117081642151,153.13575744628906,0.71088026265355,12.0,0.0,22.0,4.0,0.14102564102564102,5.5,0.0,0.6061358035703155,0.0,141.01304137488276,32.0,130.0,0.0001436394777807517,agglo,12.0,,,,,,,,ward,,,,
283,TrialState.COMPLETE,140.29805879037528,3,256,32,0.006105834319292779,0.3635449707508087,148.84693908691406,0.8109981481328509,12.0,0.0,23.0,5.0,0.14743589743589744,4.6,0.0,0.42744401482693956,0.0,140.29805879037528,32.0,113.0,0.00031871194721797523,agglo,12.0,,,,,,,,ward,,,,
121,TrialState.COMPLETE,140.26740538855464,4,256,32,0.00534222140310194,0.4002007842063904,152.39012145996094,0.6995460230599554,12.0,0.0,22.0,4.0,0.14102564102564102,5.5,0.0,0.6061358035703155,0.0,140.26740538855464,16.0,116.0,0.0046920768570499075,kmeans,12.0,,,,,,,,,,,,
273,TrialState.COMPLETE,138.44233498088795,3,256,32,0.007616262704454726,0.3683128356933594,151.45408630371094,0.7400867075855789,11.0,0.0,23.0,4.0,0.14743589743589744,5.75,0.0,0.6505875661411494,0.0,138.44233498088795,32.0,126.0,0.00011949731654596138,agglo,11.0,,,,,,,,ward,,,,
224,TrialState.COMPLETE,137.73656737585932,3,256,32,0.006983627139197816,0.382975697517395,149.85928344726562,0.7328359574001976,12.0,0.0,22.0,4.0,0.14102564102564102,5.5,0.0,0.6061358035703155,0.0,137.73656737585932,32.0,114.0,0.0001529423245408601,agglo,12.0,,,,,,,,ward,,,,
113,TrialState.COMPLETE,136.25570439262435,4,256,32,0.006932012981744918,0.36752501130104065,145.65577697753906,0.7878805290392882,11.0,0.0,24.0,5.0,0.15384615384615385,4.8,0.0,0.47000362924573547,0.0,136.25570439262435,32.0,111.0,0.00011571641825832736,gmm,11.0,spherical,0.0001428367763017526,,,,,,,,,,
129,TrialState.COMPLETE,132.19633278362232,3,256,32,0.00656913165775546,0.3619101941585541,145.2080841064453,0.7904442535292565,12.0,0.0,23.0,4.0,0.14743589743589744,5.75,0.0,0.6505875661411494,0.0,132.19633278362232,32.0,122.0,0.0001864056744963017,gmm,12.0,diag,0.00018206912957299557,,,,,,,,,,
244,TrialState.COMPLETE,130.94715675227317,11,256,32,0.006736654054215626,0.3541322946548462,133.0543670654297,0.8091150928668159,7.0,0.0,30.0,9.0,0.19230769230769232,3.3333333333333335,0.0,0.10536051565782635,0.0,130.94715675227317,32.0,92.0,0.0001669116407413221,agglo,7.0,,,,,,,,ward,,,,
242,TrialState.COMPLETE,126.19816442399006,10,256,32,0.006816076796237536,0.351123183965683,147.4156036376953,0.826798962047458,12.0,0.0,26.0,3.0,0.16666666666666666,8.666666666666666,0.0,1.0608719606852626,0.0,126.19816442399006,32.0,106.0,0.0001541161793482734,agglo,12.0,,,,,,,,ward,,,,
219,TrialState.COMPLETE,125.62793807517411,3,256,32,0.006560282221124786,0.34852415323257446,141.09173583984375,0.8398839312213093,12.0,0.0,26.0,4.0,0.16666666666666666,6.5,0.0,0.7731898882334817,0.0,125.62793807517411,32.0,179.0,0.00012089454483354427,agglo,12.0,,,,,,,,complete,manhattan,,,
130,TrialState.COMPLETE,124.05101169478282,10,256,64,0.00861958852070212,0.3745793104171753,146.7506103515625,0.8051350130665429,11.0,0.0,28.0,3.0,0.1794871794871795,9.333333333333334,0.0,1.1349799328389845,0.0,124.05101169478282,32.0,76.0,0.00010081758897153945,kmeans,11.0,,,,,,,,,,,,
53,TrialState.COMPLETE,116.95417140480396,12,128,32,0.006456322798089061,0.3412976861000061,137.7832489013672,0.8992986867876775,4.0,0.0,68.0,8.0,0.4358974358974359,8.5,0.0,1.0414538748281612,0.0,116.95417140480396,16.0,125.0,0.00014967877765826874,agglo,4.0,,,,,,,,ward,,,,
247,TrialState.COMPLETE,114.52135527670862,6,256,32,0.006407336995993679,0.34607359766960144,226.71011352539062,0.8366340107124218,12.0,0.0,30.0,2.0,0.19230769230769232,15.0,0.0,1.6094379124341003,1.0,114.52135527670862,16.0,97.0,0.00012525839156363321,agglo,12.0,,,,,,,,ward,,,,
120,TrialState.COMPLETE,114.0200138472972,3,512,256,0.005405465262968959,0.34074637293815613,127.8829574584961,0.8735037538691374,11.0,0.0,24.0,4.0,0.15384615384615385,6.0,0.0,0.6931471805599453,0.0,114.0200138472972,32.0,147.0,0.00013773939232304222,kmeans,11.0,,,,,,,,,,,,
19,TrialState.COMPLETE,106.75396923059797,5,256,32,0.0073872126703865065,0.31695106625556946,120.61691284179688,0.9651695700446697,12.0,0.0,24.0,4.0,0.15384615384615385,6.0,0.0,0.6931471805599453,0.0,106.75396923059797,16.0,76.0,0.00010527266131523282,gmm,12.0,tied,1.0427910473640906e-06,,,,,,,,,,
3,TrialState.COMPLETE,97.4063500783929,5,64,64,0.012572113425764727,0.3151003420352936,114.706298828125,0.8619688858984261,5.0,0.0,57.0,8.0,0.36538461538461536,7.125,0.0,0.8649974374866045,0.0,97.4063500783929,32.0,54.0,0.000215262809722153,birch,5.0,,,0.8597745164215478,31.0,,,,,,,,
42,TrialState.COMPLETE,89.71208569997077,5,128,32,0.0031707923607186025,0.2747384011745453,106.65804290771484,1.0336569741550874,11.0,0.0,28.0,4.0,0.1794871794871795,7.0,0.0,0.8472978603872037,0.0,89.71208569997077,8.0,157.0,0.00047162746925206935,agglo,11.0,,,,,,,,ward,,,,
25,TrialState.COMPLETE,87.6582376532566,3,512,32,0.013905330717615677,0.3504684567451477,200.50279235839844,0.7530955941248209,10.0,0.0,31.0,2.0,0.1987179487179487,15.5,0.0,1.6422277352570913,1.0,87.6582376532566,32.0,43.0,0.00010036280915933974,agglo,10.0,,,,,,,,ward,,,,
47,TrialState.COMPLETE,85.47407308548365,8,256,32,0.0025214095605536513,0.285369873046875,103.12185668945312,1.0209792867369822,11.0,0.0,29.0,4.0,0.1858974358974359,7.25,0.0,0.8823891801984737,0.0,85.47407308548365,8.0,193.0,0.0001238787886831904,agglo,11.0,,,,,,,,ward,,,,
8,TrialState.COMPLETE,83.75348663330078,9,64,64,0.0036555969482185845,0.2908952534198761,83.75348663330078,0.949438494414317,5.0,0.0,50.0,19.0,0.32051282051282054,2.6315789473684212,0.0,0.0,0.0,83.75348663330078,8.0,174.0,0.00035074840789944736,spectral,5.0,,,,,,,,,,nearest_neighbors,11.0,
51,TrialState.COMPLETE,81.18151640280699,3,512,32,0.006572015079002565,0.3097649812698364,116.2840805053711,1.0645286138886358,3.0,0.0,71.0,42.0,0.4551282051282051,1.6904761904761905,1.0,0.00512820512820511,0.0,81.18151640280699,32.0,111.0,0.00012014508975494344,agglo,3.0,,,,,,,,ward,,,,
7,TrialState.COMPLETE,74.79347229003906,9,64,32,0.004515550324183001,0.20855312049388885,74.79347229003906,1.0642764476975497,5.0,0.0,39.0,18.0,0.25,2.1666666666666665,0.0,0.0,0.0,74.79347229003906,16.0,80.0,0.0006995363653959083,spectral,5.0,,,,,,,,,,nearest_neighbors,4.0,
133,TrialState.COMPLETE,70.90845685376375,4,256,256,0.005214940344525256,0.27975010871887207,96.434326171875,0.7726600910347009,11.0,0.0,43.0,4.0,0.27564102564102566,10.75,0.0,1.2762934659055623,0.0,70.90845685376375,16.0,103.0,0.0001234222155673367,birch,11.0,,,0.7802076912732133,57.0,,,,,,,,
262,TrialState.COMPLETE,70.6648941040039,9,512,32,0.002876529195671292,0.2702800929546356,70.6648941040039,1.0224098558275674,12.0,0.0,17.0,6.0,0.10897435897435898,2.8333333333333335,0.0,0.0,0.0,70.6648941040039,8.0,109.0,0.00013469122246159693,spectral,12.0,,,,,,,,,,nearest_neighbors,8.0,
24,TrialState.COMPLETE,53.46317697012191,6,256,32,0.006932422142732662,0.35435813665390015,157.54263305664062,0.7699448247516423,12.0,0.0,20.0,2.0,0.1282051282051282,10.0,0.0,1.2039728043259361,1.0,53.46317697012191,32.0,96.0,0.00015270898579701107,agglo,12.0,,,,,,,,ward,,,,
264,TrialState.COMPLETE,50.236322441047186,7,256,128,0.0027124018420324534,0.23586991429328918,64.0992660522461,1.0942943104916385,12.0,0.0,24.0,4.0,0.15384615384615385,6.0,0.0,0.6931471805599453,0.0,50.236322441047186,8.0,105.0,0.00016104578382911185,agglo,12.0,,,,,,,,ward,,,,
2,TrialState.COMPLETE,48.59257318008046,8,128,128,0.003929440901294294,0.2557322084903717,79.40147399902344,0.9570315332656119,9.0,0.0,42.0,3.0,0.2692307692307692,14.0,0.0,1.540445040947149,0.0,48.59257318008046,16.0,137.0,0.00019485671251272575,gmm,9.0,diag,0.004337920697490943,,,,,,,,,,
182,TrialState.COMPLETE,44.927700285551595,4,128,64,0.008268092670076634,0.36097991466522217,149.0071563720703,0.7978644966802929,11.0,0.0,20.0,2.0,0.1282051282051282,10.0,0.0,1.2039728043259361,1.0,44.927700285551595,32.0,99.0,0.00010992465141260341,agglo,11.0,,,,,,,,ward,,,,
18,TrialState.COMPLETE,37.77350863522197,16,512,256,0.001891396329286633,0.21918076276779175,56.09932327270508,1.1576381929874127,10.0,0.0,30.0,4.0,0.19230769230769232,7.5,0.0,0.9162907318741551,0.0,37.77350863522197,32.0,122.0,0.00039184757992920694,birch,10.0,,,0.16312960252948205,100.0,,,,,,,,
35,TrialState.COMPLETE,19.55192642723614,6,512,256,0.00520573794273292,0.33134832978248596,128.09425354003906,0.8073899994965555,11.0,0.0,25.0,2.0,0.16025641025641027,12.5,0.0,1.4271163556401458,1.0,19.55192642723614,32.0,85.0,0.00012528534814042436,gmm,11.0,spherical,0.007408747967033463,,,,,,,,,,
33,TrialState.COMPLETE,17.87773762105651,4,256,32,0.004777335638247147,0.3103942275047302,120.93132781982422,0.9269648240336187,12.0,0.0,19.0,2.0,0.12179487179487179,9.5,0.0,1.1526795099383853,1.0,17.87773762105651,16.0,132.0,0.00019772840066455634,agglo,12.0,,,,,,,,ward,,,,
58,TrialState.COMPLETE,15.413027349108773,16,256,32,0.006958515002542325,0.3369983732700348,130.68479919433594,0.8283584721942586,11.0,0.0,35.0,2.0,0.22435897435897437,17.5,0.0,1.7635885922613586,1.0,15.413027349108773,32.0,113.0,0.00010016649185111552,agglo,11.0,,,,,,,,complete,manhattan,,,
111,TrialState.COMPLETE,14.546489024073807,3,64,64,0.010627949129265827,0.32474565505981445,129.23851013183594,0.8249847019151403,10.0,0.0,34.0,2.0,0.21794871794871795,17.0,0.0,1.7346010553881064,1.0,14.546489024073807,32.0,91.0,0.00014482069799881013,birch,10.0,,,1.4866550530355418,59.0,,,,,,,,
214,TrialState.COMPLETE,4.708170403671716,3,256,32,0.008421878107166292,-0.06198301166296005,14.108242988586426,4.044031675654329,12.0,0.0,24.0,5.0,0.15384615384615385,4.8,0.0,0.47000362924573547,0.0,4.708170403671716,32.0,111.0,0.00014806523113503265,agglo,12.0,,,,,,,,average,cosine,,,
263,TrialState.PRUNED,0.019828368455935746,3,256,32,,,,,,,,,,,,,,,8.0,101.0,0.003848000828865632,agglo,,,,,,,,,,,,,
185,TrialState.COMPLETE,-31.449710052583782,3,128,64,0.004904155622832778,0.39525067806243896,332.4947814941406,0.7507433924601741,12.0,0.0,27.0,1.0,0.17307692307692307,27.0,0.0,2.1972245773362196,4.0,-31.449710052583782,16.0,114.0,0.0006473906365091956,agglo,12.0,,,,,,,,ward,,,,
37,TrialState.COMPLETE,-32.89805542885779,7,256,64,0.0029225334176824808,0.2908746898174286,79.29070281982422,0.9930739342559752,12.0,0.0,30.0,2.0,0.19230769230769232,15.0,0.0,1.6094379124341003,1.0,-32.89805542885779,8.0,129.0,0.00020168367608224238,agglo,12.0,,,,,,,,complete,manhattan,,,
186,TrialState.COMPLETE,-41.04314513532546,2,128,64,0.015440870114651378,0.2675522565841675,333.11785888671875,3.962897536175484,8.0,0.0,45.0,1.0,0.28846153846153844,45.0,0.0,2.70805020110221,4.0,-41.04314513532546,32.0,87.0,0.00010716939269563479,spectral,8.0,,,,,,,,,,rbf,,0.027829914471585067
29,TrialState.COMPLETE,-55.783574685207824,3,256,128,0.0030463847301358867,0.2420244961977005,63.13462829589844,1.1022002149931869,9.0,0.0,42.0,2.0,0.2692307692307692,21.0,0.0,1.9459101490553132,1.0,-55.783574685207824,32.0,136.0,0.001054386198800005,gmm,9.0,full,2.270276876074811e-05,,,,,,,,,,
26,TrialState.COMPLETE,-56.189131270897036,4,256,256,0.0035911045211383438,0.26920709013938904,69.52642822265625,0.8534596726994174,11.0,0.0,59.0,2.0,0.3782051282051282,29.5,0.0,2.2857779746776643,1.0,-56.189131270897036,16.0,140.0,0.00015556758349312872,agglo,11.0,,,,,,,,average,euclidean,,,
225,TrialState.COMPLETE,-135.94520146898395,2,256,32,0.015622545380160224,-0.560101330280304,3.149726152420044,19.281678966099744,11.0,0.0,97.0,2.0,0.6217948717948718,48.5,0.0,2.9547463810701995,1.0,-135.94520146898395,32.0,101.0,0.00013177894921033749,spectral,11.0,,,,,,,,,,nearest_neighbors,2.0,
292,TrialState.COMPLETE,-141.29209868001027,3,64,32,0.012396928496972865,0.43030694127082825,230.51324462890625,0.6953112704298556,12.0,0.0,40.0,1.0,0.2564102564102564,40.0,0.0,2.5902671654458267,4.0,-141.29209868001027,32.0,115.0,0.0001325112443715876,agglo,12.0,,,,,,,,complete,manhattan,,,
223,TrialState.COMPLETE,-148.40752383671932,2,256,32,0.014458472593079488,0.4045092761516571,232.1629180908203,0.3465273734076962,12.0,0.0,62.0,1.0,0.3974358974358974,62.0,0.0,3.028522096376982,4.0,-148.40752383671932,16.0,90.0,0.0001249901412218536,agglo,12.0,,,,,,,,single,euclidean,,,
114,TrialState.COMPLETE,-286.3774325245357,15,256,32,0.004186486687938871,0.3308292031288147,91.05615997314453,0.6025402134207996,12.0,0.0,53.0,1.0,0.33974358974358976,53.0,0.0,2.8716796248840124,4.0,-286.3774325245357,32.0,142.0,0.0002906569155172687,agglo,12.0,,,,,,,,average,euclidean,,,
174,TrialState.COMPLETE,-288.1807946552535,2,256,32,0.012647805742629716,0.32059919834136963,103.7641372680664,0.3501481053737812,11.0,0.0,94.0,1.0,0.6025641025641025,94.0,0.0,3.5972465961659967,4.0,-288.1807946552535,8.0,96.0,0.00011072608469935531,agglo,11.0,,,,,,,,single,manhattan,,,
28,TrialState.COMPLETE,-314.1217268373737,6,256,128,0.0038589678961515337,0.19827647507190704,61.330047607421875,0.8503736845501114,12.0,0.0,48.0,1.0,0.3076923076923077,48.0,0.0,2.772588722239781,4.0,-314.1217268373737,32.0,106.0,0.00035398283681773395,spectral,12.0,,,,,,,,,,rbf,,0.03432261604614803
5,TrialState.COMPLETE,-315.1194585002671,13,128,32,0.0024135565946747243,0.25494423508644104,55.66001892089844,0.8936137342036276,12.0,0.0,38.0,1.0,0.24358974358974358,38.0,0.0,2.538973871058276,4.0,-315.1194585002671,8.0,186.0,0.0002651795441046286,agglo,12.0,,,,,,,,average,manhattan,,,
173,TrialState.COMPLETE,-348.2605230907716,3,256,128,0.007141747744672103,-0.041660889983177185,17.113147735595703,3.088983053310774,12.0,0.0,29.0,1.0,0.1858974358974359,29.0,0.0,2.268683541318364,4.0,-348.2605230907716,32.0,106.0,0.00010028131962762138,agglo,12.0,,,,,,,,complete,cosine,,,
15,TrialState.COMPLETE,-359.8338934772945,5,256,32,0.005611926045820815,0.020418506115674973,17.599699020385742,1.5471156607662064,7.0,0.0,53.0,1.0,0.33974358974358976,53.0,0.0,2.8716796248840124,4.0,-359.8338934772945,32.0,146.0,0.0005469850105429569,agglo,7.0,,,,,,,,complete,cosine,,,
124,TrialState.COMPLETE,-371.78114659230516,3,64,32,0.0195358116821224,0.0,1.0,0.0,10.0,0.0,42.0,1.0,0.2692307692307692,42.0,0.0,2.6390573296152584,4.0,-371.78114659230516,8.0,139.0,0.001190716202496318,spectral,10.0,,,,,,,,,,rbf,,7.593078039292572
40,TrialState.COMPLETE,-376.76063128574174,4,128,128,0.014331509133930963,0.245278999209404,23.401573181152344,1.7646135552983968,10.0,0.0,120.0,1.0,0.7692307692307693,120.0,0.0,4.008110223344706,4.0,-376.76063128574174,32.0,66.0,0.00010097933989555588,agglo,10.0,,,,,,,,single,cosine,,,
52,TrialState.COMPLETE,-386.30135270470197,2,256,256,0.019948091732887724,0.0,1.0,0.0,9.0,0.0,81.0,1.0,0.5192307692307693,81.0,0.0,3.3650676352350986,4.0,-386.30135270470197,8.0,85.0,0.0007702752808684967,spectral,9.0,,,,,,,,,,nearest_neighbors,15.0,
110,TrialState.COMPLETE,-391.5262051469455,4,256,32,0.006698189893109161,-0.015679016709327698,10.093464851379395,4.239620694330772,12.0,0.0,125.0,1.0,0.8012820512820513,125.0,0.0,4.080983499916242,4.0,-391.5262051469455,32.0,103.0,0.0001724312804406049,agglo,12.0,,,,,,,,single,cosine,,,
253,TrialState.COMPLETE,-393.0654891016957,3,256,64,0.004592734923588932,-0.27944934368133545,4.383638381958008,2.2398304431975613,12.0,0.0,111.0,1.0,0.7115384615384616,111.0,0.0,3.872456374182686,4.0,-393.0654891016957,32.0,111.0,0.0009172828656674475,agglo,12.0,,,,,,,,single,cosine,,,
279,TrialState.COMPLETE,-404.8372593919352,2,256,32,0.015616673154269298,-0.7849140167236328,2.314913272857666,2.041562836493521,12.0,0.0,145.0,1.0,0.9294871794871795,145.0,0.0,4.357608633239644,4.0,-404.8372593919352,32.0,119.0,0.00011953191262072234,agglo,12.0,,,,,,,,average,cosine,,,
230,TrialState.COMPLETE,-406.1521726647929,2,256,32,0.019527801938320242,0.0,1.0,0.0,12.0,0.0,145.0,1.0,0.9294871794871795,145.0,0.0,4.357608633239644,4.0,-406.1521726647929,32.0,109.0,0.00044736127635192893,agglo,12.0,,,,,,,,ward,,,,
48,TrialState.COMPLETE,-406.1521726647929,2,256,32,0.01958259334461897,0.0,1.0,0.0,12.0,0.0,145.0,1.0,0.9294871794871795,145.0,0.0,4.357608633239644,4.0,-406.1521726647929,32.0,71.0,0.00023964755265923254,agglo,12.0,,,,,,,,ward,,,,
45,TrialState.COMPLETE,-406.1521726647929,2,256,32,0.019572691112281198,0.0,1.0,0.0,12.0,0.0,145.0,1.0,0.9294871794871795,145.0,0.0,4.357608633239644,4.0,-406.1521726647929,32.0,97.0,0.00017598713755504538,agglo,12.0,,,,,,,,ward,,,,
57,TrialState.COMPLETE,-406.1521726647929,2,256,32,0.019548724263000368,0.0,1.0,0.0,12.0,0.0,145.0,1.0,0.9294871794871795,145.0,0.0,4.357608633239644,4.0,-406.1521726647929,32.0,99.0,0.00021983707919334672,agglo,12.0,,,,,,,,average,euclidean,,,
191,TrialState.COMPLETE,-406.1521726647929,3,512,256,0.019541319392208427,0.0,1.0,0.0,12.0,0.0,145.0,1.0,0.9294871794871795,145.0,0.0,4.357608633239644,4.0,-406.1521726647929,32.0,92.0,0.00010009175149077281,agglo,12.0,,,,,,,,ward,,,,
290,TrialState.COMPLETE,-406.1521726647929,2,256,32,0.01957818039325105,0.0,1.0,0.0,12.0,0.0,145.0,1.0,0.9294871794871795,145.0,0.0,4.357608633239644,4.0,-406.1521726647929,32.0,127.0,0.00014417683686700347,agglo,12.0,,,,,,,,ward,,,,
257,TrialState.COMPLETE,-406.1521726647929,2,256,32,0.01953041389782088,0.0,1.0,0.0,12.0,0.0,145.0,1.0,0.9294871794871795,145.0,0.0,4.357608633239644,4.0,-406.1521726647929,8.0,107.0,0.0001520687266916196,agglo,12.0,,,,,,,,ward,,,,
278,TrialState.COMPLETE,-406.1521726647929,2,256,32,0.019586926349961797,0.0,1.0,0.0,12.0,0.0,145.0,1.0,0.9294871794871795,145.0,0.0,4.357608633239644,4.0,-406.1521726647929,32.0,128.0,0.00013665244575478496,agglo,12.0,,,,,,,,ward,,,,
288,TrialState.COMPLETE,-406.1521726647929,2,256,32,0.01953540546287151,0.0,1.0,0.0,12.0,0.0,145.0,1.0,0.9294871794871795,145.0,0.0,4.357608633239644,4.0,-406.1521726647929,32.0,114.0,0.001440445143201199,agglo,12.0,,,,,,,,ward,,,,
294,TrialState.COMPLETE,-406.1521726647929,2,256,32,0.01953780449253691,0.0,1.0,0.0,12.0,0.0,145.0,1.0,0.9294871794871795,145.0,0.0,4.357608633239644,4.0,-406.1521726647929,8.0,142.0,0.00015358846022543257,agglo,12.0,,,,,,,,single,euclidean,,,
232,TrialState.COMPLETE,-406.1521726647929,2,256,256,0.019549828625624086,0.0,1.0,0.0,12.0,0.0,145.0,1.0,0.9294871794871795,145.0,0.0,4.357608633239644,4.0,-406.1521726647929,8.0,95.0,0.00012834558587686824,agglo,12.0,,,,,,,,average,manhattan,,,
127,TrialState.COMPLETE,-406.1521726647929,2,256,32,0.01971401042032134,0.0,1.0,0.0,12.0,0.0,145.0,1.0,0.9294871794871795,145.0,0.0,4.357608633239644,4.0,-406.1521726647929,32.0,97.0,0.00013378326350497343,agglo,12.0,,,,,,,,ward,,,,
134,TrialState.COMPLETE,-406.1521726647929,2,512,32,0.01953397301006688,0.0,1.0,0.0,12.0,0.0,145.0,1.0,0.9294871794871795,145.0,0.0,4.357608633239644,4.0,-406.1521726647929,32.0,132.0,0.00020875035030448752,agglo,12.0,,,,,,,,ward,,,,
210,TrialState.COMPLETE,-406.1521726647929,2,256,128,0.019540461746132932,0.0,1.0,0.0,12.0,0.0,145.0,1.0,0.9294871794871795,145.0,0.0,4.357608633239644,4.0,-406.1521726647929,8.0,99.0,0.0001726057888007973,agglo,12.0,,,,,,,,ward,,,,
218,TrialState.COMPLETE,-406.1521726647929,2,256,32,0.019706795551121512,0.0,1.0,0.0,12.0,0.0,145.0,1.0,0.9294871794871795,145.0,0.0,4.357608633239644,4.0,-406.1521726647929,32.0,98.0,0.00013382490058034757,agglo,12.0,,,,,,,,ward,,,,
234,TrialState.COMPLETE,-406.41783537875324,3,128,32,0.02180900466010987,0.0,1.0,0.0,11.0,0.0,146.0,1.0,0.9358974358974359,146.0,0.0,4.370891768937662,4.0,-406.41783537875324,32.0,118.0,0.00010053536145448296,agglo,11.0,,,,,,,,ward,,,,
22,TrialState.COMPLETE,-406.41783537875324,2,256,32,0.01956492215829272,0.0,1.0,0.0,11.0,0.0,146.0,1.0,0.9358974358974359,146.0,0.0,4.370891768937662,4.0,-406.41783537875324,32.0,112.0,0.00016770651661069755,agglo,11.0,,,,,,,,ward,,,,
122,TrialState.COMPLETE,-406.41783537875324,2,256,128,0.01968811863687783,0.0,1.0,0.0,11.0,0.0,146.0,1.0,0.9358974358974359,146.0,0.0,4.370891768937662,4.0,-406.41783537875324,32.0,158.0,0.0032318387964883994,agglo,11.0,,,,,,,,ward,,,,
128,TrialState.COMPLETE,-406.41783537875324,2,256,32,0.019686003355036348,0.0,1.0,0.0,11.0,0.0,146.0,1.0,0.9358974358974359,146.0,0.0,4.370891768937662,4.0,-406.41783537875324,32.0,84.0,0.00015687056748855447,agglo,11.0,,,,,,,,ward,,,,
261,TrialState.COMPLETE,-406.9463586762791,2,256,256,0.019533634710328655,0.0,1.0,0.0,9.0,0.0,148.0,1.0,0.9487179487179487,148.0,0.0,4.397317933813954,4.0,-406.9463586762791,8.0,94.0,0.00017823644442397678,agglo,9.0,,,,,,,,ward,,,,
20,TrialState.COMPLETE,-407.2092444481111,3,256,32,0.019551284266236858,0.0,1.0,0.0,8.0,0.0,149.0,1.0,0.9551282051282052,149.0,0.0,4.410462222405554,4.0,-407.2092444481111,32.0,167.0,0.004647522481492761,agglo,8.0,,,,,,,,single,euclidean,,,
172,TrialState.COMPLETE,-407.73232532191065,2,256,32,0.01955995823691635,0.0,1.0,0.0,6.0,0.0,151.0,1.0,0.967948717948718,151.0,0.0,4.436616266095532,4.0,-407.73232532191065,32.0,122.0,0.00015849639973291368,agglo,6.0,,,,,,,,ward,,,,
49,TrialState.COMPLETE,-407.73232532191065,4,64,32,0.03515804480556772,0.0,1.0,0.0,6.0,0.0,151.0,1.0,0.967948717948718,151.0,0.0,4.436616266095532,4.0,-407.73232532191065,32.0,93.0,0.00010152534756820433,agglo,6.0,,,,,,,,ward,,,,
119,TrialState.COMPLETE,-1e+18,2,256,32,0.0195445705305623,-inf,-inf,inf,1.0,0.0,156.0,156.0,1.0,1.0,inf,inf,inf,-1e+18,32.0,134.0,0.00017006949311065408,kmeans,12.0,,,,,,,,,,,,
16,TrialState.COMPLETE,-1e+18,3,256,32,0.019542487088696183,-inf,-inf,inf,1.0,0.0,156.0,156.0,1.0,1.0,inf,inf,inf,-1e+18,32.0,91.0,0.0018876513253530862,kmeans,3.0,,,,,,,,,,,,
17,TrialState.COMPLETE,-1e+18,11,256,32,0.0018688313041384792,-inf,-inf,inf,0.0,1.0,0.0,0.0,1.0,inf,inf,inf,inf,-1e+18,32.0,151.0,0.0011597620203906667,dbscan,,,,,,0.06997855056211799,2.0,manhattan,,,,,
27,TrialState.COMPLETE,-1e+18,2,256,64,0.0195440642057367,-inf,-inf,inf,1.0,0.0,156.0,156.0,1.0,1.0,inf,inf,inf,-1e+18,32.0,89.0,0.00023718048862693433,kmeans,7.0,,,,,,,,,,,,
30,TrialState.COMPLETE,-1e+18,10,256,32,0.008710901070915145,-inf,-inf,inf,1.0,0.05128205128205128,148.0,148.0,1.0,1.0,inf,inf,inf,-1e+18,32.0,66.0,0.00014427694691029934,dbscan,,,,,,2.070085861293477,4.0,euclidean,,,,,
34,TrialState.COMPLETE,-1e+18,3,128,32,0.019777876219598416,-inf,-inf,inf,1.0,0.0,156.0,156.0,1.0,1.0,inf,inf,inf,-1e+18,32.0,103.0,0.0001885224355694417,birch,10.0,,,1.4941364318945651,80.0,,,,,,,,
4,TrialState.COMPLETE,-1e+18,14,128,64,0.002365973536004785,-inf,-inf,inf,1.0,0.0,156.0,156.0,1.0,1.0,inf,inf,inf,-1e+18,8.0,58.0,0.002926758115062129,dbscan,,,,,,0.6802109504934966,9.0,cosine,,,,,
112,TrialState.COMPLETE,-1e+18,2,256,32,0.015438537317326032,-inf,-inf,inf,1.0,0.01282051282051282,154.0,154.0,1.0,1.0,inf,inf,inf,-1e+18,32.0,127.0,0.0001305563300307574,dbscan,,,,,,0.3574513855408059,7.0,cosine,,,,,
41,TrialState.COMPLETE,-1e+18,2,256,32,0.019530193743426013,-inf,-inf,inf,1.0,0.0,156.0,156.0,1.0,1.0,inf,inf,inf,-1e+18,16.0,107.0,0.0002879259440704295,dbscan,,,,,,0.051937004587711146,10.0,euclidean,,,,,
131,TrialState.COMPLETE,-1e+18,3,256,32,0.01464438949704534,-inf,-inf,inf,1.0,0.0,156.0,156.0,1.0,1.0,inf,inf,inf,-1e+18,32.0,90.0,0.00013298534694535552,dbscan,,,,,,2.8237526975519747,6.0,manhattan,,,,,
235,TrialState.COMPLETE,-1e+18,2,256,64,0.01953222354185538,-inf,-inf,inf,1.0,0.0,156.0,156.0,1.0,1.0,inf,inf,inf,-1e+18,32.0,152.0,0.0001927664283857922,dbscan,,,,,,0.12377317575199165,7.0,euclidean,,,,,
233,TrialState.COMPLETE,-1e+18,2,256,128,0.019537821147958805,-inf,-inf,inf,1.0,0.0,156.0,156.0,1.0,1.0,inf,inf,inf,-1e+18,32.0,139.0,0.00013768731250424462,gmm,4.0,tied,1.1023177740013574e-05,,,,,,,,,,
272,TrialState.COMPLETE,-1e+18,2,256,32,0.01960762683307445,-inf,-inf,inf,1.0,0.0,156.0,156.0,1.0,1.0,inf,inf,inf,-1e+18,32.0,120.0,0.00013492324521546348,gmm,12.0,full,0.00039278760316730226,,,,,,,,,,
274,TrialState.COMPLETE,-1e+18,2,256,32,0.01959179682793221,-inf,-inf,inf,1.0,0.0,156.0,156.0,1.0,1.0,inf,inf,inf,-1e+18,32.0,117.0,0.0001471076283173797,dbscan,,,,,,1.0142946845556806,4.0,cosine,,,,,
0,TrialState.PRUNED,,7,64,128,,,,,,,,,,,,,,,,,,,,,,,,,,,,,,,
1,TrialState.PRUNED,,12,128,256,,,,,,,,,,,,,,,,,,,,,,,,,,,,,,,
6,TrialState.PRUNED,,14,64,128,,,,,,,,,,,,,,,,,,,,,,,,,,,,,,,
36,TrialState.FAIL,,2,128,64,,,,,,,,,,,,,,,8.0,68.0,0.00010001354517444765,agglo,12.0,,,,,,,,complete,cosine,,,
38,TrialState.FAIL,,4,256,128,,,,,,,,,,,,,,,32.0,112.0,0.0002855609189830572,agglo,10.0,,,,,,,,single,cosine,,,
39,TrialState.FAIL,,4,128,128,,,,,,,,,,,,,,,32.0,112.0,0.00010378659425047749,agglo,10.0,,,,,,,,single,cosine,,,
59,TrialState.FAIL,,4,64,32,,,,,,,,,,,,,,,32.0,102.0,0.00014280918563561835,agglo,12.0,,,,,,,,single,cosine,,,
60,TrialState.FAIL,,4,64,32,,,,,,,,,,,,,,,32.0,91.0,0.0001719421564541493,agglo,12.0,,,,,,,,single,cosine,,,
61,TrialState.FAIL,,4,64,32,,,,,,,,,,,,,,,32.0,89.0,0.0001413986673885708,agglo,12.0,,,,,,,,single,cosine,,,
62,TrialState.FAIL,,4,64,32,,,,,,,,,,,,,,,32.0,90.0,0.0001419315851651534,agglo,12.0,,,,,,,,single,cosine,,,
63,TrialState.FAIL,,4,64,32,,,,,,,,,,,,,,,32.0,103.0,0.00016731150724220796,agglo,12.0,,,,,,,,single,cosine,,,
64,TrialState.FAIL,,4,64,32,,,,,,,,,,,,,,,32.0,88.0,0.00013396024853278395,agglo,12.0,,,,,,,,single,cosine,,,
65,TrialState.FAIL,,4,64,32,,,,,,,,,,,,,,,32.0,106.0,0.00013648378206480258,agglo,12.0,,,,,,,,single,cosine,,,
66,TrialState.FAIL,,4,64,32,,,,,,,,,,,,,,,32.0,91.0,0.00013786097811660262,agglo,12.0,,,,,,,,single,cosine,,,
67,TrialState.FAIL,,4,64,32,,,,,,,,,,,,,,,32.0,89.0,0.00014170773778196462,agglo,12.0,,,,,,,,single,cosine,,,
68,TrialState.FAIL,,4,64,32,,,,,,,,,,,,,,,32.0,90.0,0.00014064815891108102,agglo,12.0,,,,,,,,single,cosine,,,
69,TrialState.FAIL,,4,256,32,,,,,,,,,,,,,,,32.0,90.0,0.00014090404813685758,agglo,12.0,,,,,,,,single,cosine,,,
70,TrialState.FAIL,,4,64,32,,,,,,,,,,,,,,,32.0,90.0,0.00014345561957703867,agglo,12.0,,,,,,,,average,cosine,,,
71,TrialState.FAIL,,4,64,32,,,,,,,,,,,,,,,32.0,105.0,0.00014195044980747673,agglo,12.0,,,,,,,,single,cosine,,,
72,TrialState.FAIL,,4,64,32,,,,,,,,,,,,,,,32.0,90.0,0.00013993007531633495,agglo,12.0,,,,,,,,single,cosine,,,
73,TrialState.FAIL,,4,64,32,,,,,,,,,,,,,,,32.0,106.0,0.00013792942444815554,agglo,12.0,,,,,,,,single,cosine,,,
74,TrialState.FAIL,,4,64,32,,,,,,,,,,,,,,,32.0,89.0,0.00014045792592057583,agglo,12.0,,,,,,,,single,cosine,,,
75,TrialState.FAIL,,4,64,32,,,,,,,,,,,,,,,32.0,90.0,0.0001376380187272252,agglo,12.0,,,,,,,,single,cosine,,,
76,TrialState.FAIL,,4,64,32,,,,,,,,,,,,,,,32.0,92.0,0.00014041221995250534,agglo,12.0,,,,,,,,single,cosine,,,
77,TrialState.FAIL,,4,64,32,,,,,,,,,,,,,,,32.0,104.0,0.00013963958530382127,agglo,12.0,,,,,,,,single,cosine,,,
78,TrialState.FAIL,,4,64,32,,,,,,,,,,,,,,,32.0,91.0,0.0001401298588299544,agglo,12.0,,,,,,,,single,cosine,,,
79,TrialState.FAIL,,4,64,32,,,,,,,,,,,,,,,32.0,104.0,0.00013458886915816636,agglo,12.0,,,,,,,,single,cosine,,,
80,TrialState.FAIL,,4,64,32,,,,,,,,,,,,,,,32.0,92.0,0.00014052564258012107,agglo,12.0,,,,,,,,single,cosine,,,
81,TrialState.FAIL,,4,64,32,,,,,,,,,,,,,,,32.0,91.0,0.00014017381880355843,agglo,12.0,,,,,,,,single,cosine,,,
82,TrialState.FAIL,,4,64,32,,,,,,,,,,,,,,,32.0,91.0,0.00013883470015342537,agglo,12.0,,,,,,,,single,cosine,,,
83,TrialState.FAIL,,3,64,32,,,,,,,,,,,,,,,32.0,92.0,0.00013583044530017792,agglo,12.0,,,,,,,,single,cosine,,,
84,TrialState.FAIL,,4,64,32,,,,,,,,,,,,,,,32.0,90.0,0.00013979161133995517,agglo,12.0,,,,,,,,single,cosine,,,
85,TrialState.FAIL,,4,64,32,,,,,,,,,,,,,,,32.0,93.0,0.00013846400667590644,agglo,12.0,,,,,,,,single,cosine,,,
86,TrialState.FAIL,,4,64,32,,,,,,,,,,,,,,,32.0,104.0,0.00014064562414652828,agglo,12.0,,,,,,,,single,cosine,,,
87,TrialState.FAIL,,4,64,32,,,,,,,,,,,,,,,32.0,89.0,0.00014141318745953234,agglo,12.0,,,,,,,,single,cosine,,,
88,TrialState.FAIL,,4,64,32,,,,,,,,,,,,,,,32.0,91.0,0.00013915252645477016,agglo,12.0,,,,,,,,single,cosine,,,
89,TrialState.FAIL,,4,64,32,,,,,,,,,,,,,,,32.0,90.0,0.00014181773397432983,agglo,12.0,,,,,,,,single,cosine,,,
90,TrialState.FAIL,,4,64,32,,,,,,,,,,,,,,,32.0,105.0,0.00013821797631418653,agglo,12.0,,,,,,,,single,cosine,,,
91,TrialState.FAIL,,4,64,32,,,,,,,,,,,,,,,32.0,92.0,0.00014605787033272717,agglo,12.0,,,,,,,,single,cosine,,,
92,TrialState.FAIL,,4,64,32,,,,,,,,,,,,,,,32.0,90.0,0.00014304859604857427,agglo,12.0,,,,,,,,single,cosine,,,
93,TrialState.FAIL,,4,64,32,,,,,,,,,,,,,,,32.0,90.0,0.00014010140826869978,agglo,12.0,,,,,,,,single,cosine,,,
94,TrialState.FAIL,,4,64,32,,,,,,,,,,,,,,,32.0,90.0,0.00014105945865203063,agglo,12.0,,,,,,,,single,cosine,,,
95,TrialState.FAIL,,4,64,32,,,,,,,,,,,,,,,32.0,91.0,0.00013968742600563728,agglo,12.0,,,,,,,,single,cosine,,,
96,TrialState.FAIL,,4,64,32,,,,,,,,,,,,,,,32.0,90.0,0.0001394111119161031,agglo,12.0,,,,,,,,single,cosine,,,
97,TrialState.FAIL,,4,64,32,,,,,,,,,,,,,,,32.0,105.0,0.00014073393557687973,agglo,12.0,,,,,,,,single,cosine,,,
98,TrialState.FAIL,,4,64,32,,,,,,,,,,,,,,,32.0,105.0,0.00013337942386276367,agglo,12.0,,,,,,,,single,cosine,,,
99,TrialState.FAIL,,4,64,32,,,,,,,,,,,,,,,32.0,104.0,0.0001416422450224924,agglo,12.0,,,,,,,,average,cosine,,,
100,TrialState.FAIL,,4,64,32,,,,,,,,,,,,,,,32.0,91.0,0.00013537034637653447,agglo,12.0,,,,,,,,single,cosine,,,
101,TrialState.FAIL,,4,64,32,,,,,,,,,,,,,,,32.0,88.0,0.00013651569928781876,agglo,12.0,,,,,,,,single,cosine,,,
102,TrialState.FAIL,,4,64,32,,,,,,,,,,,,,,,32.0,90.0,0.00013576962247452597,agglo,12.0,,,,,,,,single,cosine,,,
103,TrialState.FAIL,,4,64,32,,,,,,,,,,,,,,,32.0,92.0,0.0001700490474994013,agglo,12.0,,,,,,,,single,cosine,,,
104,TrialState.FAIL,,4,64,32,,,,,,,,,,,,,,,32.0,91.0,0.000142533060974831,agglo,12.0,,,,,,,,single,cosine,,,
105,TrialState.FAIL,,4,64,32,,,,,,,,,,,,,,,32.0,90.0,0.00014370483754445906,agglo,12.0,,,,,,,,single,cosine,,,
106,TrialState.FAIL,,4,64,32,,,,,,,,,,,,,,,32.0,90.0,0.00013845547383934819,agglo,12.0,,,,,,,,single,cosine,,,
107,TrialState.FAIL,,4,64,32,,,,,,,,,,,,,,,32.0,90.0,0.00014711082746588422,agglo,12.0,,,,,,,,single,cosine,,,
108,TrialState.FAIL,,4,64,32,,,,,,,,,,,,,,,32.0,92.0,0.0001468606430358488,agglo,12.0,,,,,,,,single,cosine,,,
109,TrialState.FAIL,,4,64,32,,,,,,,,,,,,,,,32.0,92.0,0.00014068381667921366,agglo,12.0,,,,,,,,single,cosine,,,
139,TrialState.FAIL,,2,256,32,,,,,,,,,,,,,,,32.0,123.0,0.00010840386528986526,agglo,6.0,,,,,,,,complete,cosine,,,
140,TrialState.FAIL,,2,256,32,,,,,,,,,,,,,,,32.0,122.0,0.00015810735863537413,agglo,12.0,,,,,,,,complete,cosine,,,
141,TrialState.FAIL,,2,256,32,,,,,,,,,,,,,,,32.0,104.0,0.00015037486914573704,agglo,12.0,,,,,,,,complete,cosine,,,
142,TrialState.FAIL,,2,256,32,,,,,,,,,,,,,,,32.0,121.0,0.00015359749095059745,agglo,6.0,,,,,,,,complete,cosine,,,
143,TrialState.FAIL,,2,256,32,,,,,,,,,,,,,,,32.0,123.0,0.000148896537969802,agglo,6.0,,,,,,,,complete,cosine,,,
144,TrialState.FAIL,,2,256,32,,,,,,,,,,,,,,,32.0,110.0,0.00015970323602623168,agglo,12.0,,,,,,,,complete,cosine,,,
145,TrialState.FAIL,,2,256,32,,,,,,,,,,,,,,,32.0,123.0,0.0001604708812280033,agglo,12.0,,,,,,,,complete,cosine,,,
146,TrialState.FAIL,,2,256,32,,,,,,,,,,,,,,,32.0,124.0,0.000151651897963792,agglo,6.0,,,,,,,,single,cosine,,,
147,TrialState.FAIL,,2,256,32,,,,,,,,,,,,,,,32.0,105.0,0.0001621077041784293,agglo,12.0,,,,,,,,complete,cosine,,,
148,TrialState.FAIL,,2,256,32,,,,,,,,,,,,,,,32.0,121.0,0.00015676591824261788,agglo,12.0,,,,,,,,complete,cosine,,,
149,TrialState.FAIL,,2,256,32,,,,,,,,,,,,,,,32.0,95.0,0.0001611561038457111,agglo,6.0,,,,,,,,complete,cosine,,,
150,TrialState.FAIL,,2,256,32,,,,,,,,,,,,,,,32.0,121.0,0.00016149607259212254,agglo,6.0,,,,,,,,complete,cosine,,,
151,TrialState.FAIL,,2,256,32,,,,,,,,,,,,,,,32.0,104.0,0.00015869081529872622,agglo,12.0,,,,,,,,complete,cosine,,,
152,TrialState.FAIL,,2,256,32,,,,,,,,,,,,,,,32.0,121.0,0.00015755346632137274,agglo,12.0,,,,,,,,complete,cosine,,,
153,TrialState.FAIL,,2,256,32,,,,,,,,,,,,,,,32.0,121.0,0.0001588236633416393,agglo,12.0,,,,,,,,complete,cosine,,,
154,TrialState.FAIL,,2,256,32,,,,,,,,,,,,,,,32.0,104.0,0.00015699248348896794,agglo,12.0,,,,,,,,complete,cosine,,,
155,TrialState.FAIL,,2,256,32,,,,,,,,,,,,,,,32.0,104.0,0.00015956304771076475,agglo,12.0,,,,,,,,complete,cosine,,,
156,TrialState.FAIL,,2,256,32,,,,,,,,,,,,,,,32.0,95.0,0.00015189674210481233,agglo,12.0,,,,,,,,complete,cosine,,,
157,TrialState.FAIL,,2,256,32,,,,,,,,,,,,,,,32.0,105.0,0.00016273583985346803,agglo,6.0,,,,,,,,complete,cosine,,,
158,TrialState.FAIL,,2,256,32,,,,,,,,,,,,,,,32.0,105.0,0.00015520495868164998,agglo,12.0,,,,,,,,complete,cosine,,,
159,TrialState.FAIL,,2,256,32,,,,,,,,,,,,,,,32.0,123.0,0.0001528076564651189,agglo,12.0,,,,,,,,complete,cosine,,,
160,TrialState.FAIL,,2,256,32,,,,,,,,,,,,,,,32.0,105.0,0.0001591154390451055,agglo,6.0,,,,,,,,complete,cosine,,,
161,TrialState.FAIL,,2,256,32,,,,,,,,,,,,,,,32.0,105.0,0.0001580520041335963,agglo,6.0,,,,,,,,complete,cosine,,,
162,TrialState.FAIL,,2,256,32,,,,,,,,,,,,,,,32.0,123.0,0.00015868560439153513,agglo,12.0,,,,,,,,complete,cosine,,,
163,TrialState.FAIL,,2,256,32,,,,,,,,,,,,,,,32.0,105.0,0.0001535100385954358,agglo,12.0,,,,,,,,complete,cosine,,,
164,TrialState.FAIL,,2,256,32,,,,,,,,,,,,,,,32.0,105.0,0.00015892279565670242,agglo,6.0,,,,,,,,complete,cosine,,,
165,TrialState.FAIL,,2,256,32,,,,,,,,,,,,,,,32.0,122.0,0.00015716620171268129,agglo,12.0,,,,,,,,complete,cosine,,,
166,TrialState.FAIL,,2,256,32,,,,,,,,,,,,,,,32.0,123.0,0.00016020403863920598,agglo,12.0,,,,,,,,single,cosine,,,
167,TrialState.FAIL,,2,256,32,,,,,,,,,,,,,,,32.0,124.0,0.00015473623407190107,agglo,6.0,,,,,,,,complete,cosine,,,
168,TrialState.FAIL,,2,256,32,,,,,,,,,,,,,,,32.0,106.0,0.00015906882999071917,agglo,12.0,,,,,,,,complete,cosine,,,
169,TrialState.FAIL,,2,256,32,,,,,,,,,,,,,,,32.0,104.0,0.00015383704970010927,agglo,6.0,,,,,,,,complete,cosine,,,
170,TrialState.FAIL,,2,256,32,,,,,,,,,,,,,,,32.0,110.0,0.00015356924316366964,agglo,12.0,,,,,,,,complete,cosine,,,
171,TrialState.FAIL,,2,256,32,,,,,,,,,,,,,,,32.0,95.0,0.00015303987613726324,agglo,12.0,,,,,,,,complete,cosine,,,
192,TrialState.FAIL,,2,256,32,,,,,,,,,,,,,,,32.0,124.0,0.00013096759330586929,agglo,12.0,,,,,,,,average,cosine,,,
193,TrialState.FAIL,,2,256,32,,,,,,,,,,,,,,,32.0,117.0,0.0001308020111781676,agglo,12.0,,,,,,,,average,cosine,,,
194,TrialState.FAIL,,2,256,32,,,,,,,,,,,,,,,32.0,116.0,0.00013035532669125922,agglo,12.0,,,,,,,,average,cosine,,,
195,TrialState.FAIL,,2,256,32,,,,,,,,,,,,,,,32.0,118.0,0.00013340598992086621,agglo,12.0,,,,,,,,average,cosine,,,
196,TrialState.FAIL,,2,256,32,,,,,,,,,,,,,,,32.0,116.0,0.0001299773532272822,agglo,12.0,,,,,,,,average,cosine,,,
197,TrialState.FAIL,,2,256,32,,,,,,,,,,,,,,,32.0,118.0,0.00012729298836930346,agglo,12.0,,,,,,,,average,cosine,,,
198,TrialState.FAIL,,2,256,32,,,,,,,,,,,,,,,32.0,117.0,0.00013494493875772592,agglo,12.0,,,,,,,,average,cosine,,,
199,TrialState.FAIL,,2,256,32,,,,,,,,,,,,,,,32.0,120.0,0.00013038609865732764,agglo,12.0,,,,,,,,average,cosine,,,
200,TrialState.FAIL,,2,256,32,,,,,,,,,,,,,,,32.0,117.0,0.00013210684984079946,agglo,12.0,,,,,,,,average,cosine,,,
202,TrialState.FAIL,,2,256,128,,,,,,,,,,,,,,,8.0,100.0,0.00016457145362126492,agglo,12.0,,,,,,,,average,cosine,,,
203,TrialState.FAIL,,2,256,128,,,,,,,,,,,,,,,8.0,99.0,0.00017095077431782937,agglo,12.0,,,,,,,,average,cosine,,,
204,TrialState.FAIL,,2,256,128,,,,,,,,,,,,,,,8.0,98.0,0.00016679353322579377,agglo,12.0,,,,,,,,average,cosine,,,
205,TrialState.FAIL,,2,256,128,,,,,,,,,,,,,,,8.0,99.0,0.0001669169460419689,agglo,12.0,,,,,,,,average,cosine,,,
206,TrialState.FAIL,,2,256,128,,,,,,,,,,,,,,,8.0,98.0,0.0001689347131466629,agglo,12.0,,,,,,,,average,cosine,,,
207,TrialState.FAIL,,2,256,128,,,,,,,,,,,,,,,8.0,99.0,0.00013086201115046562,agglo,12.0,,,,,,,,average,cosine,,,
208,TrialState.FAIL,,2,256,128,,,,,,,,,,,,,,,32.0,98.0,0.0001692195646879564,agglo,12.0,,,,,,,,average,cosine,,,
209,TrialState.FAIL,,2,256,128,,,,,,,,,,,,,,,8.0,98.0,0.00016813523587879287,agglo,12.0,,,,,,,,average,cosine,,,
212,TrialState.FAIL,,2,256,32,,,,,,,,,,,,,,,32.0,95.0,0.00012977308765826535,agglo,11.0,,,,,,,,average,cosine,,,
